# bag_unix_ns,px4_us,x_north_m,y_east_m,z_down_m,vx_mps,vy_mps,vz_mps
1.788595734648912384e+18,1.788595728703504000e+15,-2.894383110105991364e-02,8.641054853796958923e-03,1.114691793918609619e-02,3.156266873702406883e-03,-8.218187838792800903e-03,-1.252885675057768822e-03
1.788595734650026752e+18,1.788595728719504000e+15,-2.892709895968437195e-02,8.741918019950389862e-03,1.101616024971008301e-02,3.124880138784646988e-03,-8.057446219027042389e-03,-1.412875601090490818e-03
1.788595734699533056e+18,1.788595728743504000e+15,-2.890809997916221619e-02,8.894455619156360626e-03,1.085385680198669434e-02,3.184717847034335136e-03,-7.911352440714836121e-03,-1.449587056413292885e-03
1.788595734719644672e+18,1.788595728759504000e+15,-2.890576981008052826e-02,9.005388244986534119e-03,1.075355708599090576e-02,3.177761333063244820e-03,-7.768440525978803635e-03,-1.542514888569712639e-03
1.788595734784368384e+18,1.788595728783504000e+15,-2.890550531446933746e-02,9.160939604043960571e-03,1.061746478080749512e-02,3.187898080796003342e-03,-7.645350880920886993e-03,-1.687280600890517235e-03
1.788595734850069248e+18,1.788595728799504000e+15,-2.890401147305965424e-02,9.255619719624519348e-03,1.053787767887115479e-02,3.244069172069430351e-03,-7.594118360430002213e-03,-1.651075086556375027e-03
1.788595734929320704e+18,1.788595728823504000e+15,-2.895370498299598694e-02,9.392281994223594666e-03,1.041124761104583740e-02,3.263821592554450035e-03,-7.453107740730047226e-03,-1.772322808392345905e-03
1.788595734940624384e+18,1.788595728839504000e+15,-2.900362573564052582e-02,9.465599432587623596e-03,1.032663881778717041e-02,3.255366813391447067e-03,-7.393382955342531204e-03,-1.809767563827335835e-03
1.788595734960507904e+18,1.788595728863504000e+15,-2.910292334854602814e-02,9.550601243972778320e-03,1.019252836704254150e-02,3.143739420920610428e-03,-7.337023504078388214e-03,-1.993592595681548119e-03
1.788595735059878912e+18,1.788595728879504000e+15,-2.919338084757328033e-02,9.558027610182762146e-03,1.010419428348541260e-02,3.106377786025404930e-03,-7.336217444390058517e-03,-2.041894709691405296e-03
1.788595735088433408e+18,1.788595728903504000e+15,-2.931526489555835724e-02,9.560085833072662354e-03,1.000030338764190674e-02,3.104996634647250175e-03,-7.344480603933334351e-03,-2.062431536614894867e-03
1.788595735108061696e+18,1.788595728919504000e+15,-2.939145080745220184e-02,9.522964246571063995e-03,9.938240051269531250e-03,3.145444206893444061e-03,-7.428804412484169006e-03,-2.091228263452649117e-03
1.788595735173125632e+18,1.788595728943504000e+15,-2.950874902307987213e-02,9.455609135329723358e-03,9.827181696891784668e-03,3.174528246745467186e-03,-7.462472654879093170e-03,-2.208181656897068024e-03
1.788595735192353280e+18,1.788595728959504000e+15,-2.959812618792057037e-02,9.399173781275749207e-03,9.750977158546447754e-03,3.211059840396046638e-03,-7.602406200021505356e-03,-2.275981009006500244e-03
1.788595735244350976e+18,1.788595728983504000e+15,-2.977150492370128632e-02,9.303125552833080292e-03,9.650409221649169922e-03,3.121410263702273369e-03,-7.681996095925569534e-03,-2.260113367810845375e-03
1.788595735304767488e+18,1.788595728999504000e+15,-2.989467978477478027e-02,9.233465418219566345e-03,9.595245122909545898e-03,3.072788938879966736e-03,-7.809878326952457428e-03,-2.201865194365382195e-03
1.788595735324374272e+18,1.788595729023504000e+15,-3.013459779322147369e-02,9.115993976593017578e-03,9.507372975349426270e-03,2.969475230202078819e-03,-7.810851559042930603e-03,-2.297235187143087387e-03
1.788595735424754688e+18,1.788595729039504000e+15,-3.030395880341529846e-02,9.030163288116455078e-03,9.460225701332092285e-03,2.941624727100133896e-03,-7.874372415244579315e-03,-2.281982218846678734e-03
1.788595735461719552e+18,1.788595729063504000e+15,-3.057168982923030853e-02,8.889548480510711670e-03,9.375929832458496094e-03,2.770018298178911209e-03,-8.025010116398334503e-03,-2.240992151200771332e-03
1.788595735506957824e+18,1.788595729079504000e+15,-3.074252791702747345e-02,8.784621022641658783e-03,9.290382266044616699e-03,2.703642239794135094e-03,-8.096481673419475555e-03,-2.235078718513250351e-03
1.788595735545681920e+18,1.788595729103504000e+15,-3.097201697528362274e-02,8.622529916465282440e-03,9.137406945228576660e-03,2.656625350937247276e-03,-8.258567191660404205e-03,-2.365423832088708878e-03
1.788595735564798208e+18,1.788595729119504000e+15,-3.110159561038017273e-02,8.511410094797611237e-03,9.011432528495788574e-03,2.595198107883334160e-03,-8.354300633072853088e-03,-2.382906153798103333e-03
1.788595735657183744e+18,1.788595729143504000e+15,-3.128044307231903076e-02,8.352763950824737549e-03,8.827045559883117676e-03,2.545399591326713562e-03,-8.431880734860897064e-03,-2.282349159941077232e-03
1.788595735702353408e+18,1.788595729159504000e+15,-3.138858824968338013e-02,8.248289115726947784e-03,8.708417415618896484e-03,2.559008542448282242e-03,-8.456853218376636505e-03,-2.353095216676592827e-03
1.788595735721267712e+18,1.788595729183504000e+15,-3.151974827051162720e-02,8.089504204690456390e-03,8.515909314155578613e-03,2.515209605917334557e-03,-8.581217378377914429e-03,-2.436608308926224709e-03
1.788595735828707072e+18,1.788595729199504000e+15,-3.159252926707267761e-02,7.981039583683013916e-03,8.370473980903625488e-03,2.623387612402439117e-03,-8.662076666951179504e-03,-2.415888942778110504e-03
1.788595735829856768e+18,1.788595729223504000e+15,-3.170962259173393250e-02,7.850413210690021515e-03,8.165806531906127930e-03,2.652338007465004921e-03,-8.672951720654964447e-03,-2.472698455676436424e-03
1.788595735878907392e+18,1.788595729239504000e+15,-3.179815411567687988e-02,7.775362115353345871e-03,8.031412959098815918e-03,2.685143612325191498e-03,-8.646474219858646393e-03,-2.465225057676434517e-03
1.788595735954511616e+18,1.788595729263504000e+15,-3.194605559110641479e-02,7.680728100240230560e-03,7.835298776626586914e-03,2.714028581976890564e-03,-8.640687912702560425e-03,-2.533352002501487732e-03
1.788595735974129664e+18,1.788595729279504000e+15,-3.204837068915367126e-02,7.648298516869544983e-03,7.716447114944458008e-03,2.650802722200751305e-03,-8.562617003917694092e-03,-2.562352223321795464e-03
1.788595736065908736e+18,1.788595729303504000e+15,-3.218516707420349121e-02,7.604854181408882141e-03,7.558181881904602051e-03,2.618686761707067490e-03,-8.570503443479537964e-03,-2.611945616081357002e-03
1.788595736066942720e+18,1.788595729319504000e+15,-3.226329013705253601e-02,7.584752514958381653e-03,7.465839385986328125e-03,2.630080329254269600e-03,-8.602567948400974274e-03,-2.632873365655541420e-03
1.788595736154063104e+18,1.788595729343504000e+15,-3.237048909068107605e-02,7.543919607996940613e-03,7.327005267143249512e-03,2.626100322231650352e-03,-8.575716987252235413e-03,-2.723691985011100769e-03
1.788595736199219712e+18,1.788595729359504000e+15,-3.243375569581985474e-02,7.510849740356206894e-03,7.236316800117492676e-03,2.671543508768081665e-03,-8.517743088304996490e-03,-2.725756028667092323e-03
1.788595736219967744e+18,1.788595729383504000e+15,-3.249734640121459961e-02,7.417038083076477051e-03,7.100254297256469727e-03,2.810699166730046272e-03,-8.515790104866027832e-03,-2.728435443714261055e-03
1.788595736286916864e+18,1.788595729399504000e+15,-3.253545984625816345e-02,7.346418220549821854e-03,6.990537047386169434e-03,2.837917068973183632e-03,-8.643027395009994507e-03,-2.751522464677691460e-03
1.788595736308825088e+18,1.788595729423504000e+15,-3.258670866489410400e-02,7.231479976326227188e-03,6.841048598289489746e-03,2.815226791426539421e-03,-8.571221493184566498e-03,-2.748074010014533997e-03
1.788595736409705216e+18,1.788595729439504000e+15,-3.261633589863777161e-02,7.156646344810724258e-03,6.723374128341674805e-03,2.899602986872196198e-03,-8.539686910808086395e-03,-2.719726646319031715e-03
1.788595736470380800e+18,1.788595729463504000e+15,-3.265248984098434448e-02,7.047364022582769394e-03,6.556704640388488770e-03,2.958685159683227539e-03,-8.471295237541198730e-03,-2.770158462226390839e-03
1.788595736489464832e+18,1.788595729479504000e+15,-3.269969299435615540e-02,6.986033637076616287e-03,6.441324949264526367e-03,3.018944058567285538e-03,-8.429162204265594482e-03,-2.769384998828172684e-03
1.788595736554268672e+18,1.788595729503504000e+15,-3.277268260717391968e-02,6.903533823788166046e-03,6.273448467254638672e-03,3.112478647381067276e-03,-8.556704968214035034e-03,-2.811434213072061539e-03
1.788595736573903360e+18,1.788595729519504000e+15,-3.283349424600601196e-02,6.865065079182386398e-03,6.152600049972534180e-03,3.192087402567267418e-03,-8.465522900223731995e-03,-2.891694661229848862e-03
1.788595736637758976e+18,1.788595729543504000e+15,-3.295002505183219910e-02,6.827983539551496506e-03,5.971238017082214355e-03,3.309766296297311783e-03,-8.436208590865135193e-03,-2.923889551311731339e-03
1.788595736702418944e+18,1.788595729559504000e+15,-3.303080797195434570e-02,6.807397585362195969e-03,5.853712558746337891e-03,3.278391901403665543e-03,-8.358183316886425018e-03,-2.931786235421895981e-03
1.788595736721868288e+18,1.788595729583504000e+15,-3.319572284817695618e-02,6.815260741859674454e-03,5.634382367134094238e-03,3.362059360370039940e-03,-8.214416913688182831e-03,-3.138699801638722420e-03
1.788595736779937024e+18,1.788595729599504000e+15,-3.330279886722564697e-02,6.834554020315408707e-03,5.485668778419494629e-03,3.296497976407408714e-03,-8.160548284649848938e-03,-3.095864783972501755e-03
1.788595736799785472e+18,1.788595729623504000e+15,-3.345860540866851807e-02,6.882356014102697372e-03,5.253314971923828125e-03,3.349836450070142746e-03,-8.015874773263931274e-03,-3.155576996505260468e-03
1.788595736861179392e+18,1.788595729639504000e+15,-3.357301652431488037e-02,6.934444420039653778e-03,5.092695355415344238e-03,3.375707659870386124e-03,-7.819630205631256104e-03,-3.207956906408071518e-03
1.788595736936217344e+18,1.788595729663504000e+15,-3.374549746513366699e-02,7.004626560956239700e-03,4.868164658546447754e-03,3.343076445162296295e-03,-7.634362671524286270e-03,-3.236206248402595520e-03
1.788595736938981632e+18,1.788595729679504000e+15,-3.387153893709182739e-02,7.046496495604515076e-03,4.741132259368896484e-03,3.286813618615269661e-03,-7.542220409959554672e-03,-3.419004613533616066e-03
1.788595737005232896e+18,1.788595729703504000e+15,-3.405395150184631348e-02,7.109519094228744507e-03,4.572123289108276367e-03,3.212966723367571831e-03,-7.402515504509210587e-03,-3.444072091951966286e-03
1.788595737068054272e+18,1.788595729719504000e+15,-3.417795151472091675e-02,7.157936692237854004e-03,4.469648003578186035e-03,3.091942751780152321e-03,-7.230042479932308197e-03,-3.341648727655410767e-03
1.788595737086747136e+18,1.788595729743504000e+15,-3.434751182794570923e-02,7.251876872032880783e-03,4.300639033317565918e-03,3.022363875061273575e-03,-7.129578851163387299e-03,-3.367864293977618217e-03
1.788595737176561152e+18,1.788595729759504000e+15,-3.444940969347953796e-02,7.317386101931333542e-03,4.184797406196594238e-03,3.102484624832868576e-03,-7.051311898976564407e-03,-3.350263927131891251e-03
1.788595737177017344e+18,1.788595729783504000e+15,-3.459978476166725159e-02,7.440766319632530212e-03,4.012688994407653809e-03,3.039956092834472656e-03,-6.768872030079364777e-03,-3.347423393279314041e-03
1.788595737242606080e+18,1.788595729799504000e+15,-3.468630462884902954e-02,7.525651250034570694e-03,3.893405199050903320e-03,3.141577355563640594e-03,-6.667597219347953796e-03,-3.434549085795879364e-03
1.788595737309186304e+18,1.788595729823504000e+15,-3.479744866490364075e-02,7.657308131456375122e-03,3.705695271492004395e-03,3.052931977435946465e-03,-6.427262909710407257e-03,-3.527969121932983398e-03
1.788595737326591488e+18,1.788595729839504000e+15,-3.487427532672882080e-02,7.761168759316205978e-03,3.575533628463745117e-03,3.119488013908267021e-03,-6.189482752233743668e-03,-3.525109728798270226e-03
1.788595737419293184e+18,1.788595729863504000e+15,-3.497968986630439758e-02,7.927481085062026978e-03,3.382235765457153320e-03,3.185392357409000397e-03,-5.997417494654655457e-03,-3.562952857464551926e-03
1.788595737439110912e+18,1.788595729879504000e+15,-3.504662215709686279e-02,8.058935403823852539e-03,3.270164132118225098e-03,3.213577670976519585e-03,-5.780067294836044312e-03,-3.488117130473256111e-03
1.788595737500924160e+18,1.788595729903504000e+15,-3.514369577169418335e-02,8.282912895083427429e-03,3.140032291412353516e-03,3.207048168405890465e-03,-5.457974970340728760e-03,-3.474740777164697647e-03
1.788595737573982976e+18,1.788595729919504000e+15,-3.520423173904418945e-02,8.436410687863826752e-03,3.057435154914855957e-03,3.135405248031020164e-03,-5.294597707688808441e-03,-3.431784920394420624e-03
1.788595737592196352e+18,1.788595729943504000e+15,-3.530994802713394165e-02,8.690974675118923187e-03,2.952218055725097656e-03,3.178793238475918770e-03,-4.946691449731588364e-03,-3.307218896225094795e-03
1.788595737658610432e+18,1.788595729959504000e+15,-3.537186980247497559e-02,8.853120729327201843e-03,2.886861562728881836e-03,3.211993724107742310e-03,-4.740163218230009079e-03,-3.291378961876034737e-03
1.788595737678067712e+18,1.788595729983504000e+15,-3.549854084849357605e-02,9.089139290153980255e-03,2.787545323371887207e-03,3.146013012155890465e-03,-4.417408257722854614e-03,-3.282827325165271759e-03
1.788595737737964032e+18,1.788595729999504000e+15,-3.559091314673423767e-02,9.225973859429359436e-03,2.725780010223388672e-03,3.123318543657660484e-03,-4.314937628805637360e-03,-3.352349158376455307e-03
1.788595737798949888e+18,1.788595730023504000e+15,-3.574028238654136658e-02,9.401541203260421753e-03,2.649903297424316406e-03,3.021747572347521782e-03,-4.097241442650556564e-03,-3.218367928639054298e-03
1.788595737817712896e+18,1.788595730039504000e+15,-3.586140275001525879e-02,9.490805678069591522e-03,2.631336450576782227e-03,2.940103411674499512e-03,-4.043005406856536865e-03,-3.124176757410168648e-03
1.788595737880163072e+18,1.788595730063504000e+15,-3.604855015873908997e-02,9.601018391549587250e-03,2.605766057968139648e-03,2.798668108880519867e-03,-3.797998186200857162e-03,-3.029233776032924652e-03
1.788595737899560448e+18,1.788595730079504000e+15,-3.618929907679557800e-02,9.650312364101409912e-03,2.606257796287536621e-03,2.669995883479714394e-03,-3.643938805907964706e-03,-2.959528705105185509e-03
1.788595737967654144e+18,1.788595730103504000e+15,-3.643240034580230713e-02,9.718410670757293701e-03,2.630308270454406738e-03,2.419012831524014473e-03,-3.502376843243837357e-03,-2.891022479161620140e-03
1.788595738029451520e+18,1.788595730119504000e+15,-3.660013154149055481e-02,9.758937172591686249e-03,2.647772431373596191e-03,2.362230326980352402e-03,-3.489193972200155258e-03,-2.770090010017156601e-03
1.788595738049349376e+18,1.788595730143504000e+15,-3.692888095974922180e-02,9.810306131839752197e-03,2.680346369743347168e-03,2.044362481683492661e-03,-3.436001949012279510e-03,-2.612053416669368744e-03
1.788595738107348992e+18,1.788595730159504000e+15,-3.715676069259643555e-02,9.851424023509025574e-03,2.698794007301330566e-03,1.827347208745777607e-03,-3.419651649892330170e-03,-2.425431972369551659e-03
1.788595738126620160e+18,1.788595730183504000e+15,-3.751066699624061584e-02,9.923132136464118958e-03,2.714604139328002930e-03,1.585561898536980152e-03,-3.276216797530651093e-03,-2.238556277006864548e-03
1.788595738200890880e+18,1.788595730199504000e+15,-3.777141496539115906e-02,9.991996921598911285e-03,2.710774540901184082e-03,1.356896245852112770e-03,-3.263167338445782661e-03,-2.229302423074841499e-03
1.788595738268221952e+18,1.788595730223504000e+15,-3.814421966671943665e-02,1.008630078285932541e-02,2.705007791519165039e-03,1.177439698949456215e-03,-3.163250396028161049e-03,-2.230037003755569458e-03
1.788595738286874368e+18,1.788595730239504000e+15,-3.840574622154235840e-02,1.013293955475091934e-02,2.679854631423950195e-03,1.000384450890123844e-03,-3.104434115812182426e-03,-2.146443817764520645e-03
1.788595738357850624e+18,1.788595730263504000e+15,-3.878246992826461792e-02,1.019244920462369919e-02,2.633705735206604004e-03,7.721714791841804981e-04,-3.146112663671374321e-03,-2.062842017039656639e-03
1.788595738369395712e+18,1.788595730279504000e+15,-3.902432322502136230e-02,1.022302731871604919e-02,2.596706151962280273e-03,5.707069649361073971e-04,-3.098578425124287605e-03,-1.974129350855946541e-03
1.788595738436474368e+18,1.788595730303504000e+15,-3.939295560121536255e-02,1.026195939630270004e-02,2.522692084312438965e-03,2.644588530529290438e-04,-2.964493818581104279e-03,-1.889086444862186909e-03
1.788595738500670720e+18,1.788595730319504000e+15,-3.963692486286163330e-02,1.028393860906362534e-02,2.467736601829528809e-03,6.193131412146613002e-05,-2.946034306660294533e-03,-1.732806325890123844e-03
1.788595738520216064e+18,1.788595730343504000e+15,-3.998285159468650818e-02,1.030456926673650742e-02,2.382069826126098633e-03,-1.976630155695602298e-04,-2.862744964659214020e-03,-1.700282329693436623e-03
1.788595738584158208e+18,1.788595730359504000e+15,-4.020130261778831482e-02,1.031490694731473923e-02,2.326861023902893066e-03,-4.192445485386997461e-04,-2.905456349253654480e-03,-1.570383785292506218e-03
1.788595738648249856e+18,1.788595730383504000e+15,-4.051097482442855835e-02,1.032420154660940170e-02,2.241387963294982910e-03,-6.330299656838178635e-04,-2.917370526120066643e-03,-1.400945242494344711e-03
1.788595738669034240e+18,1.788595730399504000e+15,-4.070806875824928284e-02,1.034525968134403229e-02,2.170607447624206543e-03,-7.569711306132376194e-04,-2.874390687793493271e-03,-1.378690707497298717e-03
1.788595738725537280e+18,1.788595730423504000e+15,-4.098136723041534424e-02,1.038815639913082123e-02,2.059489488601684570e-03,-9.065383346751332283e-04,-2.777952235192060471e-03,-1.335988636128604412e-03
1.788595738743873280e+18,1.788595730439504000e+15,-4.114263504743576050e-02,1.043437607586383820e-02,1.981183886528015137e-03,-9.950915118679404259e-04,-2.796282991766929626e-03,-1.290780142880976200e-03
1.788595738816848640e+18,1.788595730463504000e+15,-4.138812422752380371e-02,1.053519360721111298e-02,1.851469278335571289e-03,-1.090809120796620846e-03,-2.759315539151430130e-03,-1.312599168159067631e-03
1.788595738889732608e+18,1.788595730479504000e+15,-4.154909774661064148e-02,1.060869172215461731e-02,1.761719584465026855e-03,-1.171453041024506092e-03,-2.709086518734693527e-03,-1.208911417052149773e-03
1.788595738907978752e+18,1.788595730503504000e+15,-4.178288206458091736e-02,1.073373761028051376e-02,1.611068844795227051e-03,-1.261173863895237446e-03,-2.711353590711951256e-03,-1.260656979866325855e-03
1.788595738984145664e+18,1.788595730519504000e+15,-4.193238914012908936e-02,1.081864722073078156e-02,1.509994268417358398e-03,-1.272347755730152130e-03,-2.599874511361122131e-03,-1.208026078529655933e-03
1.788595739003995904e+18,1.788595730543504000e+15,-4.210585355758666992e-02,1.098724175244569778e-02,1.302167773246765137e-03,-1.284980913624167442e-03,-2.482339972630143166e-03,-1.134593738242983818e-03
1.788595739061667840e+18,1.788595730559504000e+15,-4.221010580658912659e-02,1.111968513578176498e-02,1.149177551269531250e-03,-1.425816910341382027e-03,-2.393784001469612122e-03,-1.075644977390766144e-03
1.788595739126149376e+18,1.788595730583504000e+15,-4.235068708658218384e-02,1.134723518043756485e-02,9.153634309768676758e-04,-1.411328557878732681e-03,-2.171423519030213356e-03,-1.105349860154092312e-03
1.788595739143755008e+18,1.788595730599504000e+15,-4.244697839021682739e-02,1.152588892728090286e-02,7.455796003341674805e-04,-1.413490390405058861e-03,-2.051381161436438560e-03,-1.131102791987359524e-03
1.788595739210057984e+18,1.788595730623504000e+15,-4.258701205253601074e-02,1.178158074617385864e-02,4.975199699401855469e-04,-1.488566747866570950e-03,-1.843800535425543785e-03,-1.080020912922918797e-03
1.788595739229811968e+18,1.788595730639504000e+15,-4.267891123890876770e-02,1.194574218243360519e-02,3.535002470016479492e-04,-1.471057883463799953e-03,-1.738569466397166252e-03,-1.171394484117627144e-03
1.788595739296409088e+18,1.788595730663504000e+15,-4.280026629567146301e-02,1.219914946705102921e-02,1.123249530792236328e-04,-1.469624112360179424e-03,-1.530198147520422935e-03,-1.277817529626190662e-03
1.788595739356263936e+18,1.788595730679504000e+15,-4.287406057119369507e-02,1.236504688858985901e-02,-2.919137477874755859e-05,-1.487141358666121960e-03,-1.420458778738975525e-03,-1.367685734294354916e-03
1.788595739375875072e+18,1.788595730703504000e+15,-4.293316230177879333e-02,1.261668745428323746e-02,-2.629458904266357422e-04,-1.454259851016104221e-03,-1.337212510406970978e-03,-1.329016056843101978e-03
1.788595739442146560e+18,1.788595730719504000e+15,-4.295477271080017090e-02,1.278682798147201538e-02,-4.235059022903442383e-04,-1.453884411603212357e-03,-1.196717726998031139e-03,-1.332144136540591717e-03
1.788595739461639424e+18,1.788595730743504000e+15,-4.296218976378440857e-02,1.304556336253881454e-02,-6.618499755859375000e-04,-1.400698558427393436e-03,-9.949670638889074326e-04,-1.447585993446409702e-03
1.788595739529593088e+18,1.788595730759504000e+15,-4.294524714350700378e-02,1.321762520819902420e-02,-8.246749639511108398e-04,-1.294397283345460892e-03,-8.538892725482583046e-04,-1.531073939986526966e-03
1.788595739604116736e+18,1.788595730783504000e+15,-4.288880154490470886e-02,1.347329467535018921e-02,-1.080840826034545898e-03,-1.179478014819324017e-03,-7.313792011700570583e-04,-1.653465093113481998e-03
1.788595739609338880e+18,1.788595730799504000e+15,-4.284777492284774780e-02,1.366956625133752823e-02,-1.281321048736572266e-03,-1.119141816161572933e-03,-5.532753420993685722e-04,-1.857795636169612408e-03
1.788595739665189888e+18,1.788595730823504000e+15,-4.278788715600967407e-02,1.396497897803783417e-02,-1.595169305801391602e-03,-1.059169648215174675e-03,-4.081329097971320152e-04,-1.951886224560439587e-03
1.788595739685032448e+18,1.788595730839504000e+15,-4.274738952517509460e-02,1.417236682027578354e-02,-1.825869083404541016e-03,-9.575222502462565899e-04,-3.160313353873789310e-04,-2.111239125952124596e-03
1.788595739748719616e+18,1.788595730863504000e+15,-4.268172755837440491e-02,1.447069924324750900e-02,-2.212718129158020020e-03,-9.414603700861334801e-04,-1.656661333981901407e-04,-2.247621305286884308e-03
1.788595739810707968e+18,1.788595730879504000e+15,-4.263762012124061584e-02,1.466120500117540359e-02,-2.471774816513061523e-03,-9.962954791262745857e-04,7.100043148966506124e-06,-2.260262845084071159e-03
1.788595739830666752e+18,1.788595730903504000e+15,-4.258445650339126587e-02,1.490256283432245255e-02,-2.910241484642028809e-03,-1.016950118355453014e-03,8.643311593914404511e-05,-2.447068691253662109e-03
1.788595739903398912e+18,1.788595730919504000e+15,-4.253211989998817444e-02,1.505088619887828827e-02,-3.203406929969787598e-03,-8.875115890987217426e-04,2.020007232204079628e-04,-2.574760932475328445e-03
1.788595739923949312e+18,1.788595730943504000e+15,-4.242908582091331482e-02,1.525580324232578278e-02,-3.664538264274597168e-03,-8.036856306716799736e-04,2.151313092326745391e-04,-2.677721902728080750e-03
1.788595740047550464e+18,1.788595730959504000e+15,-4.231869056820869446e-02,1.538989692926406860e-02,-3.984391689300537109e-03,-6.860521389171481133e-04,2.931268536485731602e-04,-2.741892589256167412e-03
1.788595740107997952e+18,1.788595730983504000e+15,-4.213794320821762085e-02,1.558748073875904083e-02,-4.449352622032165527e-03,-6.024030735716223717e-04,3.815341915469616652e-04,-2.908694092184305191e-03
1.788595740127218688e+18,1.788595730999504000e+15,-4.199298098683357239e-02,1.572063751518726349e-02,-4.755213856697082520e-03,-4.393057606648653746e-04,4.800733877345919609e-04,-2.985349390655755997e-03
1.788595740209550336e+18,1.788595731023504000e+15,-4.174332693219184875e-02,1.591356657445430756e-02,-5.197167396545410156e-03,-2.173787943320348859e-04,5.566077888943254948e-04,-3.188836155459284782e-03
1.788595740268646400e+18,1.788595731039504000e+15,-4.153237119317054749e-02,1.603949628770351410e-02,-5.492284893989562988e-03,-4.402439662953838706e-05,6.552295526489615440e-04,-3.322068369016051292e-03
1.788595740288981248e+18,1.788595731063504000e+15,-4.115755856037139893e-02,1.620950363576412201e-02,-5.924075841903686523e-03,2.243176131742075086e-04,7.452222052961587906e-04,-3.526256885379552841e-03
1.788595740352132608e+18,1.788595731079504000e+15,-4.089418426156044006e-02,1.631413400173187256e-02,-6.205052137374877930e-03,3.677102504298090935e-04,8.086531306616961956e-04,-3.651101142168045044e-03
1.788595740371888128e+18,1.788595731103504000e+15,-4.037539288401603699e-02,1.640579476952552795e-02,-6.593555212020874023e-03,7.929672137834131718e-04,7.992315222509205341e-04,-3.796940436586737633e-03
1.788595740436501248e+18,1.788595731119504000e+15,-4.001665115356445312e-02,1.644920185208320618e-02,-6.843015551567077637e-03,1.038802089169621468e-03,8.156994590535759926e-04,-3.956728149205446243e-03
1.788595740500026112e+18,1.788595731143504000e+15,-3.946179524064064026e-02,1.649029552936553955e-02,-7.196232676506042480e-03,1.415098668076097965e-03,9.105830104090273380e-04,-4.134815651923418045e-03
1.788595740519015424e+18,1.788595731159504000e+15,-3.907899931073188782e-02,1.647730544209480286e-02,-7.436394691467285156e-03,1.756086712703108788e-03,9.547172230668365955e-04,-4.213348496705293655e-03
1.788595740604988160e+18,1.788595731183504000e+15,-3.850737214088439941e-02,1.643585413694381714e-02,-7.791340351104736328e-03,2.168947597965598106e-03,8.495407528243958950e-04,-4.425760358572006226e-03
1.788595740609262080e+18,1.788595731199504000e+15,-3.811873868107795715e-02,1.637845672667026520e-02,-8.027151226997375488e-03,2.487654332071542740e-03,7.134807528927922249e-04,-4.447410348802804947e-03
1.788595740685527808e+18,1.788595731223504000e+15,-3.750917315483093262e-02,1.622853241860866547e-02,-8.385315537452697754e-03,3.024710807949304581e-03,5.265609361231327057e-04,-4.622455686330795288e-03
1.788595740743546624e+18,1.788595731239504000e+15,-3.710012137889862061e-02,1.610917970538139343e-02,-8.647978305816650391e-03,3.288254374638199806e-03,3.918121801689267159e-04,-4.735169466584920883e-03
1.788595740762481664e+18,1.788595731263504000e+15,-3.647960349917411804e-02,1.586753688752651215e-02,-9.022414684295654297e-03,3.646468278020620346e-03,1.538302458357065916e-04,-4.929574206471443176e-03
1.788595740846495232e+18,1.788595731279504000e+15,-3.607900440692901611e-02,1.571087352931499481e-02,-9.265959262847900391e-03,3.840125398710370064e-03,1.861496275523677468e-05,-5.069755483418703079e-03
1.788595740847412480e+18,1.788595731303504000e+15,-3.546512871980667114e-02,1.540805492550134659e-02,-9.622409939765930176e-03,4.249437712132930756e-03,-2.832891477737575769e-04,-5.333473905920982361e-03
1.788595740920555520e+18,1.788595731319504000e+15,-3.505664691329002380e-02,1.520174648612737656e-02,-9.836196899414062500e-03,4.586072638630867004e-03,-4.407840315252542496e-04,-5.455120466649532318e-03
1.788595740974042368e+18,1.788595731343504000e+15,-3.444515168666839600e-02,1.488725189119577408e-02,-1.011924445629119873e-02,4.990837071090936661e-03,-6.204721285030245781e-04,-5.544449668377637863e-03
1.788595740992591872e+18,1.788595731359504000e+15,-3.401625528931617737e-02,1.465100236237049103e-02,-1.028664410114288330e-02,5.215936806052923203e-03,-7.820033351890742779e-04,-5.697041284292936325e-03
1.788595741069970432e+18,1.788595731383504000e+15,-3.338017314672470093e-02,1.429209206253290176e-02,-1.052831113338470459e-02,5.602961871773004532e-03,-1.135932398028671741e-03,-5.894792266190052032e-03
1.788595741075389440e+18,1.788595731399504000e+15,-3.295326232910156250e-02,1.404233835637569427e-02,-1.067507266998291016e-02,5.905960686504840851e-03,-1.335008302703499794e-03,-5.838829092681407928e-03
1.788595741152653312e+18,1.788595731423504000e+15,-3.228413686156272888e-02,1.366434246301651001e-02,-1.088719069957733154e-02,6.356646772474050522e-03,-1.579674542881548405e-03,-5.946835037320852280e-03
1.788595741211670016e+18,1.788595731439504000e+15,-3.183603659272193909e-02,1.341558247804641724e-02,-1.103439927101135254e-02,6.532438565045595169e-03,-1.599371666088700294e-03,-6.104854866862297058e-03
1.788595741231796480e+18,1.788595731463504000e+15,-3.111804462969303131e-02,1.306494232267141342e-02,-1.119281351566314697e-02,7.051548454910516739e-03,-1.886611571535468102e-03,-6.187974940985441208e-03
1.788595741304456960e+18,1.788595731479504000e+15,-3.064894303679466248e-02,1.285447552800178528e-02,-1.128962635993957520e-02,7.370258215814828873e-03,-2.000681124627590179e-03,-6.249234545975923538e-03
1.788595741312262400e+18,1.788595731503504000e+15,-2.995952591300010681e-02,1.257209014147520065e-02,-1.142224669456481934e-02,7.784564513713121414e-03,-2.175256144255399704e-03,-6.371973082423210144e-03
1.788595741375458816e+18,1.788595731519504000e+15,-2.952882088720798492e-02,1.243960577994585037e-02,-1.151308417320251465e-02,8.035130798816680908e-03,-2.236118540167808533e-03,-6.482387892901897430e-03
1.788595741435030784e+18,1.788595731543504000e+15,-2.890065498650074005e-02,1.224482338875532150e-02,-1.165364682674407959e-02,8.299866691231727600e-03,-2.250765450298786163e-03,-6.539496127516031265e-03
1.788595741454332160e+18,1.788595731559504000e+15,-2.850864641368389130e-02,1.213887799531221390e-02,-1.173530519008636475e-02,8.539109490811824799e-03,-2.274999395012855530e-03,-6.634408142417669296e-03
1.788595741523232256e+18,1.788595731583504000e+15,-2.795066311955451965e-02,1.199569925665855408e-02,-1.186861097812652588e-02,8.847914636135101318e-03,-2.220949390903115273e-03,-6.613762117922306061e-03
1.788595741543230464e+18,1.788595731599504000e+15,-2.760956063866615295e-02,1.191803533583879471e-02,-1.196621358394622803e-02,9.030166082084178925e-03,-2.248328644782304764e-03,-6.539290305227041245e-03
1.788595741615190784e+18,1.788595731623504000e+15,-2.714260667562484741e-02,1.180695276707410812e-02,-1.211164891719818115e-02,9.190166369080543518e-03,-2.260809531435370445e-03,-6.567161995917558670e-03
1.788595741673940224e+18,1.788595731639504000e+15,-2.684879675507545471e-02,1.173465978354215622e-02,-1.220953464508056641e-02,9.319563396275043488e-03,-2.322002546861767769e-03,-6.580784916877746582e-03
1.788595741692972800e+18,1.788595731663504000e+15,-2.648131363093852997e-02,1.163440570235252380e-02,-1.231878995895385742e-02,9.362610988318920135e-03,-2.329226350411772728e-03,-6.650715600699186325e-03
1.788595741760438784e+18,1.788595731679504000e+15,-2.624787390232086182e-02,1.156749017536640167e-02,-1.238435506820678711e-02,9.412936866283416748e-03,-2.415429567918181419e-03,-6.657891441136598587e-03
1.788595741820354560e+18,1.788595731703504000e+15,-2.591525763273239136e-02,1.146601233631372452e-02,-1.247124373912811279e-02,9.454349055886268616e-03,-2.512816805392503738e-03,-6.684712134301662445e-03
1.788595741839946496e+18,1.788595731719504000e+15,-2.571081183850765228e-02,1.140984240919351578e-02,-1.252301037311553955e-02,9.508259594440460205e-03,-2.525073010474443436e-03,-6.684542167931795120e-03
1.788595741902886656e+18,1.788595731743504000e+15,-2.540915459394454956e-02,1.133585348725318909e-02,-1.263043284416198730e-02,9.598265402019023895e-03,-2.499359194189310074e-03,-6.702121347188949585e-03
1.788595741922901504e+18,1.788595731759504000e+15,-2.521204575896263123e-02,1.130094192922115326e-02,-1.270878314971923828e-02,9.609923698008060455e-03,-2.494571032002568245e-03,-6.699990946799516678e-03
1.788595741987979776e+18,1.788595731783504000e+15,-2.491627819836139679e-02,1.124119106680154800e-02,-1.283518970012664795e-02,9.656733833253383636e-03,-2.537022577598690987e-03,-6.539134774357080460e-03
1.788595742055234560e+18,1.788595731799504000e+15,-2.472098544239997864e-02,1.119768247008323669e-02,-1.293213665485382080e-02,9.681846946477890015e-03,-2.631242852658033371e-03,-6.480550393462181091e-03
1.788595742074548992e+18,1.788595731823504000e+15,-2.444217354059219360e-02,1.114013977348804474e-02,-1.304832100868225098e-02,9.737218730151653290e-03,-2.599389990791678429e-03,-6.499349139630794525e-03
1.788595742139023872e+18,1.788595731839504000e+15,-2.426176518201828003e-02,1.110407244414091110e-02,-1.313468813896179199e-02,9.771892800927162170e-03,-2.587741473689675331e-03,-6.444810889661312103e-03
1.788595742158725120e+18,1.788595731863504000e+15,-2.407774515450000763e-02,1.107935979962348938e-02,-1.321573555469512939e-02,9.773274883627891541e-03,-2.620966406539082527e-03,-6.515451241284608841e-03
1.788595742223055360e+18,1.788595731879504000e+15,-2.397695183753967285e-02,1.106850709766149521e-02,-1.326058804988861084e-02,9.806329384446144104e-03,-2.544881077483296394e-03,-6.524736527353525162e-03
1.788595742284050688e+18,1.788595731903504000e+15,-2.385591156780719757e-02,1.106081902980804443e-02,-1.331345736980438232e-02,9.878606535494327545e-03,-2.496045548468828201e-03,-6.506913341581821442e-03
1.788595742305993984e+18,1.788595731919504000e+15,-2.383271791040897369e-02,1.108563132584095001e-02,-1.335713267326354980e-02,9.809757582843303680e-03,-2.381046535447239876e-03,-6.537202745676040649e-03
1.788595742386618624e+18,1.788595731943504000e+15,-2.379998378455638885e-02,1.112554874271154404e-02,-1.343308389186859131e-02,9.743222966790199280e-03,-2.211911370977759361e-03,-6.557760760188102722e-03
1.788595742395234560e+18,1.788595731959504000e+15,-2.378560043871402740e-02,1.115711778402328491e-02,-1.349492371082305908e-02,9.674922563135623932e-03,-2.071381080895662308e-03,-6.525361444801092148e-03
1.788595742468932864e+18,1.788595731983504000e+15,-2.375881560146808624e-02,1.122208777815103531e-02,-1.358865201473236084e-02,9.471902623772621155e-03,-2.022917149588465691e-03,-6.598020438104867935e-03
1.788595742523011840e+18,1.788595731999504000e+15,-2.373752556741237640e-02,1.126912888139486313e-02,-1.365251839160919189e-02,9.392137639224529266e-03,-1.971216639503836632e-03,-6.600548513233661652e-03
1.788595742547152640e+18,1.788595732023504000e+15,-2.368001826107501984e-02,1.137644611299037933e-02,-1.376514136791229248e-02,9.314336813986301422e-03,-1.696192543022334576e-03,-6.543073337525129318e-03
1.788595742634411264e+18,1.788595732039504000e+15,-2.364664711058139801e-02,1.146452967077493668e-02,-1.383818686008453369e-02,9.179580956697463989e-03,-1.592883956618607044e-03,-6.526048295199871063e-03
1.788595742638546432e+18,1.788595732063504000e+15,-2.360402233898639679e-02,1.161791197955608368e-02,-1.394395530223846436e-02,9.117580018937587738e-03,-1.382788992486894131e-03,-6.508460734039545059e-03
1.788595742710615040e+18,1.788595732079504000e+15,-2.356804534792900085e-02,1.174081023782491684e-02,-1.401700079441070557e-02,9.060442447662353516e-03,-1.322703785263001919e-03,-6.440322846174240112e-03
1.788595742764232704e+18,1.788595732103504000e+15,-2.350289374589920044e-02,1.195258740335702896e-02,-1.413111388683319092e-02,8.958159014582633972e-03,-1.124576898291707039e-03,-6.487195380032062531e-03
1.788595742783246848e+18,1.788595732119504000e+15,-2.345498092472553253e-02,1.213136874139308929e-02,-1.423099637031555176e-02,8.960694074630737305e-03,-9.238403872586786747e-04,-6.452005356550216675e-03
1.788595742836272384e+18,1.788595732143504000e+15,-2.337285503745079041e-02,1.240121852606534958e-02,-1.440498232841491699e-02,8.995678275823593140e-03,-6.070078816264867783e-04,-6.511188112199306488e-03
1.788595742856550912e+18,1.788595732159504000e+15,-2.330981008708477020e-02,1.258834637701511383e-02,-1.454506814479827881e-02,8.991507813334465027e-03,-4.707453481387346983e-04,-6.442133802920579910e-03
1.788595742926049280e+18,1.788595732183504000e+15,-2.318402752280235291e-02,1.285834982991218567e-02,-1.479703187942504883e-02,9.107538498938083649e-03,-2.735609305091202259e-04,-6.546465214341878891e-03
1.788595742988204544e+18,1.788595732199504000e+15,-2.308784238994121552e-02,1.303157862275838852e-02,-1.497617363929748535e-02,9.222274646162986755e-03,-1.706014154478907585e-04,-6.638414226472377777e-03
1.788595743008062208e+18,1.788595732223504000e+15,-2.291502244770526886e-02,1.325114816427230835e-02,-1.531217992305755615e-02,9.350273758172988892e-03,-4.820303001906722784e-05,-6.752339191734790802e-03
1.788595743080097536e+18,1.788595732239504000e+15,-2.280322089791297913e-02,1.337759196758270264e-02,-1.555226743221282959e-02,9.405792690813541412e-03,7.073937740642577410e-05,-6.806640420109033585e-03
1.788595743091181568e+18,1.788595732263504000e+15,-2.264114469289779663e-02,1.354031451046466827e-02,-1.591397821903228760e-02,9.413727559149265289e-03,2.205504861194640398e-04,-6.802982650697231293e-03
1.788595743160204288e+18,1.788595732279504000e+15,-2.251535840332508087e-02,1.363725587725639343e-02,-1.617451012134552002e-02,9.459869936108589172e-03,3.197230980731546879e-04,-6.919176783412694931e-03
1.788595743223942656e+18,1.788595732303504000e+15,-2.230827882885932922e-02,1.377832330763339996e-02,-1.658146083354949951e-02,9.643019177019596100e-03,4.658394609577953815e-04,-7.049070205539464951e-03
1.788595743244283136e+18,1.788595732319504000e+15,-2.215132117271423340e-02,1.386967115104198456e-02,-1.686134934425354004e-02,9.686674922704696655e-03,5.131314974278211594e-04,-7.134988903999328613e-03
1.788595743311130112e+18,1.788595732343504000e+15,-2.191975899040699005e-02,1.399033702909946442e-02,-1.728573441505432129e-02,9.886817075312137604e-03,4.874673904851078987e-04,-7.330841384828090668e-03
1.788595743389104896e+18,1.788595732359504000e+15,-2.177419513463973999e-02,1.405528280884027481e-02,-1.756571233272552490e-02,9.936757385730743408e-03,5.889553576707839966e-04,-7.446792908012866974e-03
1.788595743406593280e+18,1.788595732383504000e+15,-2.156580053269863129e-02,1.415841281414031982e-02,-1.799038052558898926e-02,1.001881156116724014e-02,7.532560848630964756e-04,-7.489956915378570557e-03
1.788595743487928832e+18,1.788595732399504000e+15,-2.142859622836112976e-02,1.422809157520532608e-02,-1.826971769332885742e-02,1.006788946688175201e-02,7.965908152982592583e-04,-7.586672902107238770e-03
1.788595743507403008e+18,1.788595732423504000e+15,-2.127203159034252167e-02,1.433272939175367355e-02,-1.871800422668457031e-02,1.002074219286441803e-02,7.973543251864612103e-04,-7.835138589143753052e-03
1.788595743582987264e+18,1.788595732439504000e+15,-2.118750847876071930e-02,1.439484208822250366e-02,-1.905030012130737305e-02,1.003130245953798294e-02,7.108710124157369137e-04,-7.845646701753139496e-03
1.788595743657522432e+18,1.788595732463504000e+15,-2.108755148947238922e-02,1.447614282369613647e-02,-1.954884827136993408e-02,9.902014397084712982e-03,6.615613820031285286e-04,-7.869051769375801086e-03
1.788595743676172288e+18,1.788595732479504000e+15,-2.102932520210742950e-02,1.451599597930908203e-02,-1.987828314304351807e-02,9.929156862199306488e-03,5.868368898518383503e-04,-8.012795820832252502e-03
1.788595743755644672e+18,1.788595732503504000e+15,-2.095442079007625580e-02,1.457038149237632751e-02,-2.037097513675689697e-02,9.946593083441257477e-03,5.905022262595593929e-04,-8.071498014032840729e-03
1.788595743762598400e+18,1.788595732519504000e+15,-2.092661149799823761e-02,1.460287906229496002e-02,-2.070663869380950928e-02,9.921387769281864166e-03,5.647688522003591061e-04,-8.174604736268520355e-03
1.788595743828800768e+18,1.788595732543504000e+15,-2.090745419263839722e-02,1.462786179035902023e-02,-2.122265100479125977e-02,9.916967712342739105e-03,5.774454330094158649e-04,-8.395328186452388763e-03
1.788595743897381632e+18,1.788595732559504000e+15,-2.089933864772319794e-02,1.463640946894884109e-02,-2.156546711921691895e-02,9.753172285854816437e-03,6.115176947787404060e-04,-8.493056520819664001e-03
1.788595743915357696e+18,1.788595732583504000e+15,-2.095403894782066345e-02,1.464245561510324478e-02,-2.211946249008178711e-02,9.550773538649082184e-03,6.185079691931605339e-04,-8.726422674953937531e-03
1.788595743985771264e+18,1.788595732599504000e+15,-2.098269574344158173e-02,1.464424096047878265e-02,-2.248550951480865479e-02,9.420413523912429810e-03,6.043678731657564640e-04,-8.751113899052143097e-03
1.788595744007438080e+18,1.788595732623504000e+15,-2.110755816102027893e-02,1.467228122055530548e-02,-2.307982742786407471e-02,9.357047267258167267e-03,5.537352990359067917e-04,-8.916648104786872864e-03
1.788595744067322880e+18,1.788595732639504000e+15,-2.119876444339752197e-02,1.469813473522663116e-02,-2.349996566772460938e-02,9.269946254789829254e-03,4.920891951769590378e-04,-9.096730500459671021e-03
1.788595744131439360e+18,1.788595732663504000e+15,-2.134845964610576630e-02,1.474624965339899063e-02,-2.415013313293457031e-02,9.071890264749526978e-03,4.148942243773490191e-04,-9.345100261270999908e-03
1.788595744149187072e+18,1.788595732679504000e+15,-2.147151529788970947e-02,1.478117797523736954e-02,-2.461747825145721436e-02,8.898261003196239471e-03,3.403207520022988319e-04,-9.482777677476406097e-03
1.788595744217019904e+18,1.788595732703504000e+15,-2.165238745510578156e-02,1.481549069285392761e-02,-2.531227469444274902e-02,8.761519566178321838e-03,2.113462251145392656e-04,-9.722865186631679535e-03
1.788595744236849920e+18,1.788595732719504000e+15,-2.177836187183856964e-02,1.482065580785274506e-02,-2.578379213809967041e-02,8.660409599542617798e-03,9.396614041179418564e-05,-9.939799085259437561e-03
1.788595744309359104e+18,1.788595732743504000e+15,-2.199009060859680176e-02,1.481626741588115692e-02,-2.649746835231781006e-02,8.413793519139289856e-03,-1.225138112204149365e-05,-1.021981518715620041e-02
1.788595744368834816e+18,1.788595732759504000e+15,-2.213235944509506226e-02,1.480720750987529755e-02,-2.696736156940460205e-02,8.262350223958492279e-03,-1.025140300043858588e-04,-1.035893987864255905e-02
1.788595744388090368e+18,1.788595732783504000e+15,-2.236074581742286682e-02,1.478888280689716339e-02,-2.766998112201690674e-02,8.137391880154609680e-03,-2.586083137430250645e-04,-1.059862039983272552e-02
1.788595744444929792e+18,1.788595732799504000e+15,-2.252288162708282471e-02,1.477926969528198242e-02,-2.812997996807098389e-02,8.010275661945343018e-03,-4.290436918381601572e-04,-1.076569966971874237e-02
1.788595744464558592e+18,1.788595732823504000e+15,-2.278223820030689240e-02,1.476836483925580978e-02,-2.878336608409881592e-02,7.878912612795829773e-03,-5.605666665360331535e-04,-1.094316970556974411e-02
1.788595744544758016e+18,1.788595732839504000e+15,-2.297186106443405151e-02,1.476966775953769684e-02,-2.921400964260101318e-02,7.854696363210678101e-03,-5.475652869790792465e-04,-1.112932153046131134e-02
1.788595744608293888e+18,1.788595732863504000e+15,-2.323243021965026855e-02,1.476393546909093857e-02,-2.984137833118438721e-02,7.567274849861860275e-03,-7.419435423798859119e-04,-1.134723611176013947e-02
1.788595744627656960e+18,1.788595732879504000e+15,-2.341232076287269592e-02,1.475288160145282745e-02,-3.024618327617645264e-02,7.365543395280838013e-03,-8.710249676369130611e-04,-1.153426244854927063e-02
1.788595744688060416e+18,1.788595732903504000e+15,-2.366258949041366577e-02,1.472254469990730286e-02,-3.084532916545867920e-02,7.172034587711095810e-03,-9.899120777845382690e-04,-1.171380002051591873e-02
1.788595744708046848e+18,1.788595732919504000e+15,-2.381843701004981995e-02,1.468968857079744339e-02,-3.123365342617034912e-02,7.098918315023183823e-03,-1.206593471579253674e-03,-1.182578224688768387e-02
1.788595744787816960e+18,1.788595732943504000e+15,-2.403926476836204529e-02,1.461761072278022766e-02,-3.177078068256378174e-02,6.964282598346471786e-03,-1.318625989370048046e-03,-1.192512083798646927e-02
1.788595744850322176e+18,1.788595732959504000e+15,-2.417487651109695435e-02,1.456200797110795975e-02,-3.210993111133575439e-02,6.903176661580801010e-03,-1.379793626256287098e-03,-1.195982098579406738e-02
1.788595744869585920e+18,1.788595732983504000e+15,-2.438398636877536774e-02,1.445018220692873001e-02,-3.256718814373016357e-02,6.850040517747402191e-03,-1.530452398583292961e-03,-1.210050377994775772e-02
1.788595744946311168e+18,1.788595732999504000e+15,-2.452397719025611877e-02,1.436250749975442886e-02,-3.285787999629974365e-02,6.719855125993490219e-03,-1.668278942815959454e-03,-1.207163091748952866e-02
1.788595745010137344e+18,1.788595733023504000e+15,-2.473354898393154144e-02,1.421260647475719452e-02,-3.327317535877227783e-02,6.600782275199890137e-03,-1.826664665713906288e-03,-1.221443153917789459e-02
1.788595745029731584e+18,1.788595733039504000e+15,-2.489745430648326874e-02,1.409254129976034164e-02,-3.357224166393280029e-02,6.506801117211580276e-03,-1.989920856431126595e-03,-1.227628160268068314e-02
1.788595745094807552e+18,1.788595733063504000e+15,-2.514341846108436584e-02,1.390888541936874390e-02,-3.400819003582000732e-02,6.416005082428455353e-03,-2.118219155818223953e-03,-1.224341429769992828e-02
1.788595745114845440e+18,1.788595733079504000e+15,-2.532370015978813171e-02,1.378179155290126801e-02,-3.428848087787628174e-02,6.337839178740978241e-03,-2.270351396873593330e-03,-1.229463052004575729e-02
1.788595745188204800e+18,1.788595733103504000e+15,-2.562954276800155640e-02,1.358795445412397385e-02,-3.469963371753692627e-02,6.202201358973979950e-03,-2.521049696952104568e-03,-1.231033261865377426e-02
1.788595745257237760e+18,1.788595733119504000e+15,-2.583685144782066345e-02,1.345777884125709534e-02,-3.496809303760528564e-02,6.031431257724761963e-03,-2.625739434733986855e-03,-1.229949109256267548e-02
1.788595745277580032e+18,1.788595733143504000e+15,-2.616076543927192688e-02,1.326596643775701523e-02,-3.538118302822113037e-02,5.878142546862363815e-03,-2.834721934050321579e-03,-1.238462422043085098e-02
1.788595745364592640e+18,1.788595733159504000e+15,-2.637232467532157898e-02,1.313898339867591858e-02,-3.565676510334014893e-02,5.746738053858280182e-03,-2.989059546962380409e-03,-1.240759622305631638e-02
1.788595745367847936e+18,1.788595733183504000e+15,-2.670302800834178925e-02,1.297177653759717941e-02,-3.604058921337127686e-02,5.583698395639657974e-03,-3.060942282900214195e-03,-1.240448560565710068e-02
1.788595745432442624e+18,1.788595733199504000e+15,-2.691767551004886627e-02,1.286956015974283218e-02,-3.629736602306365967e-02,5.499396007508039474e-03,-3.105839015915989876e-03,-1.243338733911514282e-02
1.788595745503473920e+18,1.788595733223504000e+15,-2.723218128085136414e-02,1.272906269878149033e-02,-3.666527569293975830e-02,5.310847889631986618e-03,-3.195881610736250877e-03,-1.246084552258253098e-02
1.788595745521853184e+18,1.788595733239504000e+15,-2.747798338532447815e-02,1.267048437148332596e-02,-3.688956797122955322e-02,5.040558055043220520e-03,-3.232586430385708809e-03,-1.247640792280435562e-02
1.788595745601506816e+18,1.788595733263504000e+15,-2.784603461623191833e-02,1.258877664804458618e-02,-3.720800578594207764e-02,4.863199312239885330e-03,-3.277739509940147400e-03,-1.246101688593626022e-02
1.788595745608851712e+18,1.788595733279504000e+15,-2.810467779636383057e-02,1.254543755203485489e-02,-3.740184009075164795e-02,4.731283523142337799e-03,-3.125964896753430367e-03,-1.250655855983495712e-02
1.788595745672122112e+18,1.788595733303504000e+15,-2.848572842776775360e-02,1.247682515531778336e-02,-3.769333660602569580e-02,4.440451506525278091e-03,-3.119655651971697807e-03,-1.250087469816207886e-02
1.788595745734613760e+18,1.788595733319504000e+15,-2.873034588992595673e-02,1.242916658520698547e-02,-3.788681328296661377e-02,4.277117550373077393e-03,-3.119672182947397232e-03,-1.250701025128364563e-02
1.788595745753598208e+18,1.788595733343504000e+15,-2.906942553818225861e-02,1.234879437834024429e-02,-3.820861876010894775e-02,4.124890081584453583e-03,-3.054293338209390640e-03,-1.255952380597591400e-02
1.788595745838570240e+18,1.788595733359504000e+15,-2.928652800619602203e-02,1.228443998843431473e-02,-3.844060003757476807e-02,4.050236660987138748e-03,-3.016620408743619919e-03,-1.255767419934272766e-02
1.788595745839027200e+18,1.788595733383504000e+15,-2.960021235048770905e-02,1.217158325016498566e-02,-3.880308568477630615e-02,3.966545220464468002e-03,-3.051929408684372902e-03,-1.257632952183485031e-02
1.788595745903813632e+18,1.788595733399504000e+15,-2.980280108749866486e-02,1.210012193769216537e-02,-3.905884921550750732e-02,3.786991117522120476e-03,-3.007652703672647476e-03,-1.265655085444450378e-02
1.788595745965108992e+18,1.788595733423504000e+15,-3.009921126067638397e-02,1.200152933597564697e-02,-3.946469724178314209e-02,3.614317858591675758e-03,-2.872012555599212646e-03,-1.282559242099523544e-02
1.788595745984723712e+18,1.788595733439504000e+15,-3.029337711632251740e-02,1.193197630345821381e-02,-3.976897895336151123e-02,3.579831914976239204e-03,-2.875622827559709549e-03,-1.296645775437355042e-02
1.788595746046837248e+18,1.788595733463504000e+15,-3.056014142930507660e-02,1.183748431503772736e-02,-4.022933542728424072e-02,3.477138234302401543e-03,-2.816614927724003792e-03,-1.308568753302097321e-02
1.788595746066281728e+18,1.788595733479504000e+15,-3.072083368897438049e-02,1.178495399653911591e-02,-4.054422676563262939e-02,3.424339229241013527e-03,-2.755233319476246834e-03,-1.314621232450008392e-02
1.788595746131549696e+18,1.788595733503504000e+15,-3.094760701060295105e-02,1.171205285936594009e-02,-4.100166261196136475e-02,3.279587486758828163e-03,-2.817225409671664238e-03,-1.328774448484182358e-02
1.788595746189520896e+18,1.788595733519504000e+15,-3.108834289014339447e-02,1.166561990976333618e-02,-4.129923880100250244e-02,3.201200626790523529e-03,-2.822539769113063812e-03,-1.334516424685716629e-02
1.788595746209307392e+18,1.788595733543504000e+15,-3.133636713027954102e-02,1.159506570547819138e-02,-4.171116650104522705e-02,3.013712354004383087e-03,-2.867517294362187386e-03,-1.339381281286478043e-02
1.788595746265072128e+18,1.788595733559504000e+15,-3.150825202465057373e-02,1.154434774070978165e-02,-4.196850955486297607e-02,2.868245821446180344e-03,-2.989500993862748146e-03,-1.344228815287351608e-02
1.788595746286183936e+18,1.788595733583504000e+15,-3.177510574460029602e-02,1.146144513040781021e-02,-4.233230650424957275e-02,2.613144926726818085e-03,-3.022941993549466133e-03,-1.358608156442642212e-02
1.788595746341181696e+18,1.788595733599504000e+15,-3.194388002157211304e-02,1.139534544199705124e-02,-4.252378642559051514e-02,2.465882571414113045e-03,-2.946353750303387642e-03,-1.364896818995475769e-02
1.788595746406279936e+18,1.788595733623504000e+15,-3.218246251344680786e-02,1.129994262009859085e-02,-4.279346764087677002e-02,2.197865862399339676e-03,-2.943173050880432129e-03,-1.357573363929986954e-02
1.788595746426205440e+18,1.788595733639504000e+15,-3.233117982745170593e-02,1.123871281743049622e-02,-4.297484457492828369e-02,2.046882873401045799e-03,-2.876853803172707558e-03,-1.346414815634489059e-02
1.788595746501714432e+18,1.788595733663504000e+15,-3.254556283354759216e-02,1.115483324974775314e-02,-4.321311414241790771e-02,1.893391017802059650e-03,-2.800563350319862366e-03,-1.333050057291984558e-02
1.788595746560494080e+18,1.788595733683504000e+15,-3.268419578671455383e-02,1.110678259283304214e-02,-4.333217442035675049e-02,1.876207301393151283e-03,-2.691409317776560783e-03,-1.338708028197288513e-02
1.788595746580786688e+18,1.788595733703504000e+15,-3.286322951316833496e-02,1.105356588959693909e-02,-4.348973929882049561e-02,1.964528579264879227e-03,-2.418373012915253639e-03,-1.499161217361688614e-02
1.788595746640536320e+18,1.788595733719504000e+15,-3.296907246112823486e-02,1.102507486939430237e-02,-4.362027347087860107e-02,1.907391007989645004e-03,-2.318974817171692848e-03,-1.729912683367729187e-02
1.788595746660285184e+18,1.788595733743504000e+15,-3.306987136602401733e-02,1.102848257869482040e-02,-4.383228719234466553e-02,1.966160256415605545e-03,-2.118773292750120163e-03,-2.318912930786609650e-02
1.788595746719761152e+18,1.788595733759504000e+15,-3.312342986464500427e-02,1.104228664189577103e-02,-4.404349625110626221e-02,1.930420636199414730e-03,-1.919748610816895962e-03,-2.822322957217693329e-02
1.788595746780897536e+18,1.788595733783504000e+15,-3.318433091044425964e-02,1.108083873987197876e-02,-4.451437294483184814e-02,2.102671889588236809e-03,-1.541473902761936188e-03,-3.800873830914497375e-02
1.788595746802269952e+18,1.788595733799504000e+15,-3.320446237921714783e-02,1.114338357001543045e-02,-4.494924843311309814e-02,2.080579288303852081e-03,-1.224994310177862644e-03,-4.546614736318588257e-02
1.788595746866615040e+18,1.788595733823504000e+15,-3.323495015501976013e-02,1.124646421521902084e-02,-4.585446417331695557e-02,2.189880469813942909e-03,-7.199185783974826336e-04,-5.848268046975135803e-02
1.788595746886167552e+18,1.788595733839504000e+15,-3.325939550995826721e-02,1.132673956453800201e-02,-4.663856327533721924e-02,2.297952538356184959e-03,-3.354020009282976389e-04,-6.756692379713058472e-02
1.788595746961300224e+18,1.788595733863504000e+15,-3.329132124781608582e-02,1.145488116890192032e-02,-4.811389744281768799e-02,2.458305330947041512e-03,3.521789622027426958e-04,-8.274411410093307495e-02
1.788595747025251584e+18,1.788595733879504000e+15,-3.330799564719200134e-02,1.154504250735044479e-02,-4.932020604610443115e-02,2.598885912448167801e-03,7.936690817587077618e-04,-9.328229725360870361e-02
1.788595747049039360e+18,1.788595733903504000e+15,-3.334097564220428467e-02,1.167558412998914719e-02,-5.150352418422698975e-02,2.865840448066592216e-03,1.574921654537320137e-03,-1.103562936186790466e-01
1.788595747109120000e+18,1.788595733919504000e+15,-3.335518762469291687e-02,1.177156344056129456e-02,-5.320249497890472412e-02,3.043819218873977661e-03,2.152533270418643951e-03,-1.221120506525039673e-01
1.788595747129236736e+18,1.788595733943504000e+15,-3.339987620711326599e-02,1.187902688980102539e-02,-5.615659058094024658e-02,3.296717070043087006e-03,3.023433499038219452e-03,-1.405873149633407593e-01
1.788595747188545536e+18,1.788595733959504000e+15,-3.343353793025016785e-02,1.195276062935590744e-02,-5.840115249156951904e-02,3.411098616197705269e-03,3.523841965943574905e-03,-1.531788110733032227e-01
1.788595747254604032e+18,1.788595733983504000e+15,-3.348953276872634888e-02,1.206589769572019577e-02,-6.218643486499786377e-02,3.631771542131900787e-03,4.297480918467044830e-03,-1.728227436542510986e-01
1.788595747274272768e+18,1.788595733999504000e+15,-3.355267643928527832e-02,1.216005813330411911e-02,-6.502600014209747314e-02,3.930941224098205566e-03,4.848751705139875412e-03,-1.859567016363143921e-01
1.788595747377462272e+18,1.788595734023504000e+15,-3.364649042487144470e-02,1.233862899243831635e-02,-6.972311437129974365e-02,4.041117150336503983e-03,5.547235254198312759e-03,-2.064513713121414185e-01
1.788595747382851072e+18,1.788595734039504000e+15,-3.371967375278472900e-02,1.249488256871700287e-02,-7.317413389682769775e-02,4.140268079936504364e-03,6.065830122679471970e-03,-2.202256768941879272e-01
1.788595747486407168e+18,1.788595734063504000e+15,-3.380573913455009460e-02,1.279816217720508575e-02,-7.880930602550506592e-02,4.432351328432559967e-03,6.882701069116592407e-03,-2.412515580654144287e-01
1.788595747582396416e+18,1.788595734079504000e+15,-3.384976834058761597e-02,1.302648335695266724e-02,-8.285988867282867432e-02,4.606875590980052948e-03,7.506801746785640717e-03,-2.552204132080078125e-01
1.788595747602772992e+18,1.788595734103504000e+15,-3.393576294183731079e-02,1.346125733107328415e-02,-8.944095671176910400e-02,4.798001609742641449e-03,8.343146182596683502e-03,-2.767169475555419922e-01
1.788595747701905664e+18,1.788595734119504000e+15,-3.399589657783508301e-02,1.378044858574867249e-02,-9.414415061473846436e-02,4.900102503597736359e-03,9.011810645461082458e-03,-2.910250127315521240e-01
1.788595747722187520e+18,1.788595734143504000e+15,-3.408880159258842468e-02,1.430320087820291519e-02,-1.016793400049209595e-01,5.159095395356416702e-03,9.892857633531093597e-03,-3.128789067268371582e-01
1.788595747824342784e+18,1.788595734159504000e+15,-3.417592868208885193e-02,1.470198389142751694e-02,-1.070490628480911255e-01,5.198829807341098785e-03,1.058330014348030090e-02,-3.273259103298187256e-01
1.788595747929500928e+18,1.788595734183504000e+15,-3.428851440548896790e-02,1.530190184712409973e-02,-1.155159622430801392e-01,5.420923698693513870e-03,1.144076138734817505e-02,-3.490989804267883301e-01
1.788595747949537024e+18,1.788595734199504000e+15,-3.440993651747703552e-02,1.575063169002532959e-02,-1.214911490678787231e-01,5.568962544202804565e-03,1.204427704215049744e-02,-3.635536432266235352e-01
1.788595748050410240e+18,1.788595734223504000e+15,-3.461026027798652649e-02,1.644107140600681305e-02,-1.308910399675369263e-01,5.688204430043697357e-03,1.286969706416130066e-02,-3.855897784233093262e-01
1.788595748069889024e+18,1.788595734239504000e+15,-3.477725014090538025e-02,1.692535728216171265e-02,-1.374677866697311401e-01,5.769459996372461319e-03,1.341110002249479294e-02,-4.001026153564453125e-01
1.788595748165044736e+18,1.788595734263504000e+15,-3.509518876671791077e-02,1.769499294459819794e-02,-1.478009968996047974e-01,5.647075362503528595e-03,1.416914165019989014e-02,-4.219639599323272705e-01
1.788595748265054720e+18,1.788595734279504000e+15,-3.532181307673454285e-02,1.821797341108322144e-02,-1.549939960241317749e-01,5.639281589537858963e-03,1.462876237928867340e-02,-4.364151954650878906e-01
1.788595748284540160e+18,1.788595734303504000e+15,-3.575507923960685730e-02,1.909705065190792084e-02,-1.663381010293960571e-01,5.575109273195266724e-03,1.538161188364028931e-02,-4.584279954433441162e-01
1.788595748391141120e+18,1.788595734319504000e+15,-3.605642914772033691e-02,1.971178129315376282e-02,-1.742238849401473999e-01,5.421591456979513168e-03,1.584418863058090210e-02,-4.728748202323913574e-01
1.788595748484780800e+18,1.788595734343504000e+15,-3.652786463499069214e-02,2.067161910235881805e-02,-1.865511387586593628e-01,5.255480296909809113e-03,1.648170128464698792e-02,-4.948032498359680176e-01
1.788595748510492672e+18,1.788595734359504000e+15,-3.686327859759330750e-02,2.134402468800544739e-02,-1.951262503862380981e-01,5.219340790063142776e-03,1.683379895985126495e-02,-5.091897845268249512e-01
1.788595748598638848e+18,1.788595734383504000e+15,-3.734397888183593750e-02,2.235795557498931885e-02,-2.084252387285232544e-01,5.206774920225143433e-03,1.732642203569412231e-02,-5.310527086257934570e-01
1.788595748617857536e+18,1.788595734399504000e+15,-3.765759244561195374e-02,2.305527962744235992e-02,-2.176165729761123657e-01,5.063779652118682861e-03,1.758478768169879913e-02,-5.453313589096069336e-01
1.788595748707374336e+18,1.788595734423504000e+15,-3.809839859604835510e-02,2.412938140332698822e-02,-2.318723648786544800e-01,5.012911744415760040e-03,1.800429448485374451e-02,-5.670978426933288574e-01
1.788595748798799872e+18,1.788595734439504000e+15,-3.837224468588829041e-02,2.484489604830741882e-02,-2.416598647832870483e-01,5.016258452087640762e-03,1.827760413289070129e-02,-5.812998414039611816e-01
1.788595748817985280e+18,1.788595734463504000e+15,-3.875650092959403992e-02,2.593639865517616272e-02,-2.567750215530395508e-01,4.975515417754650116e-03,1.852026022970676422e-02,-6.029010415077209473e-01
1.788595748908482048e+18,1.788595734479504000e+15,-3.899613767862319946e-02,2.665799856185913086e-02,-2.671228051185607910e-01,4.890164360404014587e-03,1.860239356756210327e-02,-6.170378923416137695e-01
1.788595748928437760e+18,1.788595734503504000e+15,-3.931475430727005005e-02,2.776432782411575317e-02,-2.831301689147949219e-01,4.765135236084461212e-03,1.863352954387664795e-02,-6.384354233741760254e-01
1.788595749039908352e+18,1.788595734519504000e+15,-3.951404243707656860e-02,2.850214950740337372e-02,-2.940781116485595703e-01,4.692547488957643509e-03,1.858199946582317352e-02,-6.524025797843933105e-01
1.788595749107991296e+18,1.788595734543504000e+15,-3.979366272687911987e-02,2.960790693759918213e-02,-3.109075427055358887e-01,4.719534423202276230e-03,1.856885291635990143e-02,-6.736156940460205078e-01
1.788595749131449088e+18,1.788595734559504000e+15,-3.994712606072425842e-02,3.037457913160324097e-02,-3.224334716796875000e-01,4.738634917885065079e-03,1.856724172830581665e-02,-6.875293254852294922e-01
1.788595749216024576e+18,1.788595734583504000e+15,-4.013710469007492065e-02,3.151175752282142639e-02,-3.401216864585876465e-01,4.734707996249198914e-03,1.850414462387561798e-02,-7.085098028182983398e-01
1.788595749236743680e+18,1.788595734599504000e+15,-4.022456333041191101e-02,3.227729350328445435e-02,-3.522059321403503418e-01,4.727496299892663956e-03,1.839486323297023773e-02,-7.222329974174499512e-01
1.788595749327649280e+18,1.788595734623504000e+15,-4.028831794857978821e-02,3.340643271803855896e-02,-3.707549571990966797e-01,4.832131788134574890e-03,1.807336881756782532e-02,-7.430482506752014160e-01
1.788595749414934016e+18,1.788595734639504000e+15,-4.030421748757362366e-02,3.413691744208335876e-02,-3.833820819854736328e-01,5.047880113124847412e-03,1.785443909466266632e-02,-7.566626667976379395e-01
1.788595749433890560e+18,1.788595734663504000e+15,-4.024472087621688843e-02,3.525564074516296387e-02,-4.027883410453796387e-01,5.384686402976512909e-03,1.739853620529174805e-02,-7.772353887557983398e-01
1.788595749528068096e+18,1.788595734679504000e+15,-4.017169028520584106e-02,3.598251938819885254e-02,-4.160067439079284668e-01,5.607979837805032730e-03,1.699237339198589325e-02,-7.908038496971130371e-01
1.788595749548572672e+18,1.788595734703504000e+15,-4.001631960272789001e-02,3.704432398080825806e-02,-4.362452030181884766e-01,5.900823511183261871e-03,1.636497490108013153e-02,-8.113508224487304688e-01
1.788595749806881792e+18,1.788595734719504000e+15,-3.989949822425842285e-02,3.772458434104919434e-02,-4.500184655189514160e-01,6.109197158366441727e-03,1.582280360162258148e-02,-8.247097730636596680e-01
1.788595749807419392e+18,1.788595734743504000e+15,-3.970381990075111389e-02,3.870203718543052673e-02,-4.710881114006042480e-01,6.471813656389713287e-03,1.491935085505247116e-02,-8.450313210487365723e-01
1.788595749808296448e+18,1.788595734759504000e+15,-3.955233469605445862e-02,3.934422135353088379e-02,-4.854608774185180664e-01,6.662320811301469803e-03,1.425289548933506012e-02,-8.583865761756896973e-01
1.788595749823559680e+18,1.788595734783504000e+15,-3.931464999914169312e-02,4.027125984430313110e-02,-5.073952674865722656e-01,6.991744972765445709e-03,1.316323783248662949e-02,-8.785064816474914551e-01
1.788595749843920640e+18,1.788595734799504000e+15,-3.914605826139450073e-02,4.087498784065246582e-02,-5.222980380058288574e-01,7.177977357059717178e-03,1.236184779554605484e-02,-8.915408849716186523e-01
1.788595749938525184e+18,1.788595734823504000e+15,-3.888219222426414490e-02,4.171268269419670105e-02,-5.450246334075927734e-01,7.165039423853158951e-03,1.102475449442863464e-02,-9.093620181083679199e-01
1.788595750042691584e+18,1.788595734839504000e+15,-3.870307654142379761e-02,4.222906753420829773e-02,-5.603879094123840332e-01,7.283182814717292786e-03,1.000216137617826462e-02,-9.195071458816528320e-01
1.788595750043223040e+18,1.788595734863504000e+15,-3.843545913696289062e-02,4.293210059404373169e-02,-5.837332010269165039e-01,7.307543419301509857e-03,8.335440419614315033e-03,-9.324503540992736816e-01
1.788595750131146496e+18,1.788595734879504000e+15,-3.826459124684333801e-02,4.335357248783111572e-02,-5.994409918785095215e-01,7.247352506965398788e-03,6.986949127167463303e-03,-9.390056729316711426e-01
1.788595750150068736e+18,1.788595734903504000e+15,-3.802140802145004272e-02,4.391347244381904602e-02,-6.231561899185180664e-01,7.003117352724075317e-03,4.907145164906978607e-03,-9.464961290359497070e-01
1.788595750227199744e+18,1.788595734919504000e+15,-3.786808252334594727e-02,4.419391974806785583e-02,-6.390979290008544922e-01,6.812752690166234970e-03,3.348416183143854141e-03,-9.496151804924011230e-01
1.788595750311201792e+18,1.788595734943504000e+15,-3.766258433461189270e-02,4.451625794172286987e-02,-6.630568504333496094e-01,6.446685642004013062e-03,9.002772276289761066e-04,-9.518462419509887695e-01
1.788595750331168768e+18,1.788595734959504000e+15,-3.755364194512367249e-02,4.464562609791755676e-02,-6.790354847908020020e-01,6.049169693142175674e-03,-9.243732783943414688e-04,-9.515650272369384766e-01
1.788595750430153984e+18,1.788595750412181000e+15,-3.741324320435523987e-02,4.473922401666641235e-02,-7.029192447662353516e-01,5.465636961162090302e-03,-3.940401598811149597e-03,-9.488095045089721680e-01
1.788595750510599168e+18,1.788595750431844000e+15,-3.734349459409713745e-02,4.471277073025703430e-02,-7.187699675559997559e-01,4.990696441382169724e-03,-6.006663199514150620e-03,-9.451787471771240234e-01
1.788595750533935104e+18,1.788595750495606000e+15,-3.727409988641738892e-02,4.454996064305305481e-02,-7.423775792121887207e-01,4.265038762241601944e-03,-9.175559505820274353e-03,-9.375516176223754883e-01
1.788595750609634560e+18,1.788595750555769000e+15,-3.724373504519462585e-02,4.437720775604248047e-02,-7.579652667045593262e-01,3.782527521252632141e-03,-1.136865373700857162e-02,-9.308494329452514648e-01
1.788595750630223360e+18,1.788595750627386000e+15,-3.723736852407455444e-02,4.393127933144569397e-02,-7.810593247413635254e-01,2.967401873320341110e-03,-1.480250246822834015e-02,-9.196150302886962891e-01
1.788595750707505920e+18,1.788595750689205000e+15,-3.724632784724235535e-02,4.355968162417411804e-02,-7.962468266487121582e-01,2.409100765362381935e-03,-1.712202467024326324e-02,-9.117158055305480957e-01
1.788595750789173248e+18,1.788595750750298000e+15,-3.727885335683822632e-02,4.289230331778526306e-02,-8.187151551246643066e-01,1.550817163661122322e-03,-2.065018191933631897e-02,-9.003068208694458008e-01
1.788595750808457984e+18,1.788595750809867000e+15,-3.732653334736824036e-02,4.233414679765701294e-02,-8.334509730339050293e-01,9.034654358401894569e-04,-2.286752313375473022e-02,-8.927374482154846191e-01
1.788595750893007616e+18,1.788595750874660000e+15,-3.741350769996643066e-02,4.142626374959945679e-02,-8.552767634391784668e-01,-7.785237539792433381e-05,-2.604048885405063629e-02,-8.831580281257629395e-01
1.788595750912325888e+18,1.788595750927457000e+15,-3.748100623488426208e-02,4.076541960239410400e-02,-8.696466088294982910e-01,-7.190327160060405731e-04,-2.799423784017562866e-02,-8.770406246185302734e-01
1.788595750991490048e+18,1.788595750986864000e+15,-3.761352598667144775e-02,3.971321135759353638e-02,-8.909620642662048340e-01,-1.687644980847835541e-03,-3.060825727880001068e-02,-8.697723150253295898e-01
1.788595751074703616e+18,1.788595751032942000e+15,-3.771477192640304565e-02,3.898191079497337341e-02,-9.050559401512145996e-01,-2.432351699098944664e-03,-3.218012303113937378e-02,-8.652908205986022949e-01
1.788595751094295552e+18,1.788595751097038000e+15,-3.789678215980529785e-02,3.781710565090179443e-02,-9.259851574897766113e-01,-3.373160492628812790e-03,-3.419229388236999512e-02,-8.602634072303771973e-01
1.788595751177924608e+18,1.788595751150062000e+15,-3.802869468927383423e-02,3.702526912093162537e-02,-9.398831725120544434e-01,-4.035987891256809235e-03,-3.525889292359352112e-02,-8.571089506149291992e-01
1.788595751198289408e+18,1.788595751210235000e+15,-3.823311999440193176e-02,3.579768538475036621e-02,-9.605244994163513184e-01,-5.051387008279561996e-03,-3.634716197848320007e-02,-8.531338572502136230e-01
1.788595751277891328e+18,1.788595751269161000e+15,-3.836956247687339783e-02,3.497537225484848022e-02,-9.742229580879211426e-01,-5.601905286312103271e-03,-3.666817024350166321e-02,-8.505704998970031738e-01
1.788595751361381120e+18,1.788595751326111000e+15,-3.857669234275817871e-02,3.374727442860603333e-02,-9.946829676628112793e-01,-6.487925071269273758e-03,-3.663927316665649414e-02,-8.472937345504760742e-01
1.788595751379883264e+18,1.788595751381940000e+15,-3.869449719786643982e-02,3.293602168560028076e-02,-1.008251786231994629e+00,-7.061705924570560455e-03,-3.625519946217536926e-02,-8.449056744575500488e-01
1.788595751464360192e+18,1.788595751443676000e+15,-3.886516764760017395e-02,3.175370767712593079e-02,-1.028519988059997559e+00,-7.834155112504959106e-03,-3.494931012392044067e-02,-8.416845202445983887e-01
1.788595751484252672e+18,1.788595751494390000e+15,-3.897110000252723694e-02,3.099559620022773743e-02,-1.041969656944274902e+00,-8.283755742013454437e-03,-3.359045460820198059e-02,-8.395449519157409668e-01
1.788595751562669824e+18,1.788595751558479000e+15,-3.911590203642845154e-02,2.990458719432353973e-02,-1.062081813812255859e+00,-8.655828423798084259e-03,-3.098807111382484436e-02,-8.381733894348144531e-01
1.788595751642464000e+18,1.788595751607248000e+15,-3.920763358473777771e-02,2.921937406063079834e-02,-1.075473308563232422e+00,-8.877501823008060455e-03,-2.897330000996589661e-02,-8.377852439880371094e-01
1.788595751663397888e+18,1.788595751670294000e+15,-3.932292014360427856e-02,2.828490547835826874e-02,-1.095531582832336426e+00,-9.061221964657306671e-03,-2.532389946281909943e-02,-8.377237319946289062e-01
1.788595751739621888e+18,1.788595751721306000e+15,-3.938888758420944214e-02,2.772350236773490906e-02,-1.108878612518310547e+00,-9.084468707442283630e-03,-2.259235270321369171e-02,-8.370257616043090820e-01
1.788595751758956544e+18,1.788595751780941000e+15,-3.946900740265846252e-02,2.698305808007717133e-02,-1.128843665122985840e+00,-8.901502005755901337e-03,-1.798143796622753143e-02,-8.354794383049011230e-01
1.788595751858118144e+18,1.788595751832377000e+15,-3.948128595948219299e-02,2.657525241374969482e-02,-1.142095327377319336e+00,-8.655675686895847321e-03,-1.481901574879884720e-02,-8.340801596641540527e-01
1.788595751931189504e+18,1.788595751895760000e+15,-3.949970006942749023e-02,2.606949768960475922e-02,-1.161939382553100586e+00,-8.215899579226970673e-03,-9.834165684878826141e-03,-8.327415585517883301e-01
1.788595751954841856e+18,1.788595751950599000e+15,-3.948544338345527649e-02,2.587028779089450836e-02,-1.175113797187805176e+00,-7.691986393183469772e-03,-6.349141709506511688e-03,-8.316124677658081055e-01
1.788595752041452032e+18,1.788595752014293000e+15,-3.944579884409904480e-02,2.569248899817466736e-02,-1.194823265075683594e+00,-6.900702603161334991e-03,-1.211499446071684361e-03,-8.302834033966064453e-01
1.788595752061457152e+18,1.788595752070786000e+15,-3.939227759838104248e-02,2.566693909466266632e-02,-1.207914710044860840e+00,-6.216737907379865646e-03,2.094239927828311920e-03,-8.290823101997375488e-01
1.788595752139604736e+18,1.788595752133667000e+15,-3.926071152091026306e-02,2.576373703777790070e-02,-1.227467656135559082e+00,-5.274110473692417145e-03,6.724943872541189194e-03,-8.276275396347045898e-01
1.788595752221960960e+18,1.788595752186651000e+15,-3.915497288107872009e-02,2.589904330670833588e-02,-1.240471720695495605e+00,-4.635910969227552414e-03,9.497257880866527557e-03,-8.263386487960815430e-01
1.788595752240471296e+18,1.788595752248682000e+15,-3.889886289834976196e-02,2.619964815676212311e-02,-1.259864211082458496e+00,-3.415517741814255714e-03,1.323506236076354980e-02,-8.246270418167114258e-01
1.788595752321357056e+18,1.788595752305054000e+15,-3.869225829839706421e-02,2.644959092140197754e-02,-1.272771477699279785e+00,-2.621642546728253365e-03,1.536488346755504608e-02,-8.231357932090759277e-01
1.788595752398016000e+18,1.788595752368975000e+15,-3.833316639065742493e-02,2.688776329159736633e-02,-1.292091965675354004e+00,-1.417843392118811607e-03,1.808583922684192657e-02,-8.212988376617431641e-01
1.788595752418062848e+18,1.788595752422697000e+15,-3.804513439536094666e-02,2.720407210290431976e-02,-1.304933786392211914e+00,-6.226694677025079727e-04,1.948096603155136108e-02,-8.197272419929504395e-01
1.788595752498253824e+18,1.788595752483474000e+15,-3.758230805397033691e-02,2.771860919892787933e-02,-1.324167251586914062e+00,6.382749415934085846e-04,2.116618677973747253e-02,-8.178009390830993652e-01
1.788595752518770688e+18,1.788595752536598000e+15,-3.723652660846710205e-02,2.808589674532413483e-02,-1.336970210075378418e+00,1.323760021477937698e-03,2.205107174813747406e-02,-8.161797523498535156e-01
1.788595752603896832e+18,1.788595752583111000e+15,-3.665972501039505005e-02,2.864580415189266205e-02,-1.356150627136230469e+00,2.544520422816276550e-03,2.296865545213222504e-02,-8.141220211982727051e-01
1.788595752678947072e+18,1.788595752599111000e+15,-3.626074269413948059e-02,2.902265451848506927e-02,-1.368921399116516113e+00,3.311358625069260597e-03,2.327647805213928223e-02,-8.124224543571472168e-01
1.788595752697681152e+18,1.788595752623111000e+15,-3.560974821448326111e-02,2.955517545342445374e-02,-1.388034224510192871e+00,4.456433001905679703e-03,2.355229668319225311e-02,-8.103216290473937988e-01
1.788595752780019968e+18,1.788595752639111000e+15,-3.516001999378204346e-02,2.989939227700233459e-02,-1.400753498077392578e+00,5.248455796390771866e-03,2.347489818930625916e-02,-8.085218667984008789e-01
1.788595752800467968e+18,1.788595752663111000e+15,-3.447008132934570312e-02,3.038989566266536713e-02,-1.419782996177673340e+00,6.249797530472278595e-03,2.320814505219459534e-02,-8.061606884002685547e-01
1.788595752888275200e+18,1.788595752679111000e+15,-3.399960324168205261e-02,3.071602247655391693e-02,-1.432446002960205078e+00,6.953772157430648804e-03,2.284811809659004211e-02,-8.042576313018798828e-01
1.788595752956583936e+18,1.788595752703111000e+15,-3.327729925513267517e-02,3.120012581348419189e-02,-1.451398134231567383e+00,7.849726825952529907e-03,2.217702753841876984e-02,-8.017594218254089355e-01
1.788595752978971392e+18,1.788595752719111000e+15,-3.277879953384399414e-02,3.147120773792266846e-02,-1.463993787765502930e+00,8.491281419992446899e-03,2.148511074483394623e-02,-7.996572852134704590e-01
1.788595753060643840e+18,1.788595752743111000e+15,-3.203319758176803589e-02,3.183834999799728394e-02,-1.482836246490478516e+00,9.275103919208049774e-03,2.036476135253906250e-02,-7.970954179763793945e-01
1.788595753080520960e+18,1.788595752759111000e+15,-3.152703493833541870e-02,3.204089775681495667e-02,-1.495358705520629883e+00,9.786745533347129822e-03,1.950958184897899628e-02,-7.949687242507934570e-01
1.788595753161121024e+18,1.788595752783111000e+15,-3.075448423624038696e-02,3.227820247411727905e-02,-1.514066576957702637e+00,1.046759635210037231e-02,1.815047860145568848e-02,-7.919953465461730957e-01
1.788595753230557696e+18,1.788595752799111000e+15,-3.024146147072315216e-02,3.240996226668357849e-02,-1.526499748229980469e+00,1.088519673794507980e-02,1.722660474479198456e-02,-7.897013425827026367e-01
1.788595753250399744e+18,1.788595752823111000e+15,-2.943674288690090179e-02,3.253695368766784668e-02,-1.545080304145812988e+00,1.143899094313383102e-02,1.573612913489341736e-02,-7.867230176925659180e-01
1.788595753326537728e+18,1.788595752839111000e+15,-2.888474799692630768e-02,3.257868438959121704e-02,-1.557431578636169434e+00,1.173730753362178802e-02,1.466337777674198151e-02,-7.843372821807861328e-01
1.788595753346354432e+18,1.788595752863111000e+15,-2.803663350641727448e-02,3.257852047681808472e-02,-1.575896263122558594e+00,1.218454912304878235e-02,1.296682283282279968e-02,-7.811866998672485352e-01
1.788595753423147008e+18,1.788595752879111000e+15,-2.747394889593124390e-02,3.253202512860298157e-02,-1.588190317153930664e+00,1.238219439983367920e-02,1.175062917172908783e-02,-7.787923812866210938e-01
1.788595753501711616e+18,1.788595752903111000e+15,-2.663464099168777466e-02,3.239291906356811523e-02,-1.606564402580261230e+00,1.278902404010295868e-02,9.975975379347801208e-03,-7.754564881324768066e-01
1.788595753520647680e+18,1.788595752919111000e+15,-2.608135528862476349e-02,3.223814070224761963e-02,-1.618749260902404785e+00,1.300672255456447601e-02,8.688369765877723694e-03,-7.729074358940124512e-01
1.788595753596611584e+18,1.788595752943111000e+15,-2.526094019412994385e-02,3.196316957473754883e-02,-1.636958479881286621e+00,1.324776001274585724e-02,6.839598063379526138e-03,-7.695239782333374023e-01
1.788595753616289536e+18,1.788595752959111000e+15,-2.471337653696537018e-02,3.173431754112243652e-02,-1.649048805236816406e+00,1.333600282669067383e-02,5.630074068903923035e-03,-7.668591141700744629e-01
1.788595753702179072e+18,1.788595752983111000e+15,-2.389351651072502136e-02,3.134487196803092957e-02,-1.667084336280822754e+00,1.339383050799369812e-02,3.682667622342705727e-03,-7.633618712425231934e-01
1.788595753779226368e+18,1.788595752999111000e+15,-2.335682325065135956e-02,3.106428682804107666e-02,-1.679058790206909180e+00,1.341403182595968246e-02,2.435981063172221184e-03,-7.606597542762756348e-01
1.788595753798277632e+18,1.788595753023111000e+15,-2.247293666005134583e-02,3.056816011667251587e-02,-1.696865916252136230e+00,1.348008587956428528e-02,6.183974910527467728e-04,-7.569202780723571777e-01
1.788595753885977856e+18,1.788595753039111000e+15,-2.187315374612808228e-02,3.020446747541427612e-02,-1.708670258522033691e+00,1.344245579093694687e-02,-5.617931601591408253e-04,-7.540811896324157715e-01
1.788595753905303552e+18,1.788595753063111000e+15,-2.096159942448139191e-02,2.961061708629131317e-02,-1.726271510124206543e+00,1.342479791492223740e-02,-2.337897894904017448e-03,-7.501103281974792480e-01
1.788595753985643520e+18,1.788595753079111000e+15,-2.029108814895153046e-02,2.916862443089485168e-02,-1.737912297248840332e+00,1.347365137189626694e-02,-3.483237465843558311e-03,-7.472050189971923828e-01
1.788595754080349440e+18,1.788595753103111000e+15,-1.928040012717247009e-02,2.847056463360786438e-02,-1.755305051803588867e+00,1.349309645593166351e-02,-5.300919059664011002e-03,-7.432488203048706055e-01
1.788595754081548544e+18,1.788595753119111000e+15,-1.857681386172771454e-02,2.796423062682151794e-02,-1.766853928565979004e+00,1.347386650741100311e-02,-6.452281028032302856e-03,-7.402233481407165527e-01
1.788595754178294528e+18,1.788595753143111000e+15,-1.752654276788234711e-02,2.717553637921810150e-02,-1.784096598625183105e+00,1.349909789860248566e-02,-8.070033043622970581e-03,-7.362272143363952637e-01
1.788595754253478144e+18,1.788595753159111000e+15,-1.680586300790309906e-02,2.661264315247535706e-02,-1.795518994331359863e+00,1.354977581650018692e-02,-9.212940931320190430e-03,-7.332514524459838867e-01
1.788595754272328704e+18,1.788595753183111000e+15,-1.571153663098812103e-02,2.572764828801155090e-02,-1.812540888786315918e+00,1.362024620175361633e-02,-1.066852454096078873e-02,-7.291822433471679688e-01
1.788595754348167936e+18,1.788595753199111000e+15,-1.499135419726371765e-02,2.512690797448158264e-02,-1.823835492134094238e+00,1.367754768580198288e-02,-1.157895009964704514e-02,-7.262166142463684082e-01
1.788595754368216832e+18,1.788595753223111000e+15,-1.388687361031770706e-02,2.420496009290218353e-02,-1.840653777122497559e+00,1.360966544598340988e-02,-1.290232874453067780e-02,-7.221525907516479492e-01
1.788595754454834688e+18,1.788595753239111000e+15,-1.315504312515258789e-02,2.358110435307025909e-02,-1.851802229881286621e+00,1.355682406574487686e-02,-1.373931858688592911e-02,-7.189839482307434082e-01
1.788595754540283648e+18,1.788595753263111000e+15,-1.206558477133512497e-02,2.263454347848892212e-02,-1.868413567543029785e+00,1.340349670499563217e-02,-1.478947140276432037e-02,-7.146796584129333496e-01
1.788595754565366784e+18,1.788595753279111000e+15,-1.134261861443519592e-02,2.199717424809932709e-02,-1.879384636878967285e+00,1.320610381662845612e-02,-1.551715377718210220e-02,-7.115421891212463379e-01
1.788595754650995200e+18,1.788595753303111000e+15,-1.029084715992212296e-02,2.103876695036888123e-02,-1.895744919776916504e+00,1.289567071944475174e-02,-1.648741215467453003e-02,-7.072724103927612305e-01
1.788595754669595904e+18,1.788595753319111000e+15,-9.604480117559432983e-03,2.038948982954025269e-02,-1.906564354896545410e+00,1.277809962630271912e-02,-1.712962985038757324e-02,-7.040916681289672852e-01
1.788595754763028736e+18,1.788595753343111000e+15,-8.616595529019832611e-03,1.940316706895828247e-02,-1.922658085823059082e+00,1.230067294090986252e-02,-1.796599663794040680e-02,-6.996565461158752441e-01
1.788595754835389184e+18,1.788595753359111000e+15,-7.986910641193389893e-03,1.874749176204204559e-02,-1.933328747749328613e+00,1.191074308007955551e-02,-1.845815218985080719e-02,-6.963949799537658691e-01
1.788595754853965312e+18,1.788595753383111000e+15,-7.048778235912322998e-03,1.773579046130180359e-02,-1.949153065681457520e+00,1.136614754796028137e-02,-1.914995722472667694e-02,-6.919482350349426270e-01
1.788595754951830528e+18,1.788595753399111000e+15,-6.455509457737207413e-03,1.707221195101737976e-02,-1.959674954414367676e+00,1.101541798561811447e-02,-1.957934908568859100e-02,-6.887467503547668457e-01
1.788595754955248128e+18,1.788595753423111000e+15,-5.582169629633426666e-03,1.605438068509101868e-02,-1.975300908088684082e+00,1.052689924836158752e-02,-2.015223540365695953e-02,-6.841989755630493164e-01
1.788595755049079040e+18,1.788595753439111000e+15,-5.039172247052192688e-03,1.537444069981575012e-02,-1.985649466514587402e+00,1.015697978436946869e-02,-2.053950168192386627e-02,-6.809465289115905762e-01
1.788595755132936192e+18,1.788595753463111000e+15,-4.284905735403299332e-03,1.435304153710603714e-02,-2.001068115234375000e+00,9.512836113572120667e-03,-2.098733931779861450e-02,-6.764674186706542969e-01
1.788595755153071872e+18,1.788595753479111000e+15,-3.820691956207156181e-03,1.366666518151760101e-02,-2.011301755905151367e+00,8.998762816190719604e-03,-2.119241096079349518e-02,-6.731761693954467773e-01
1.788595755252921600e+18,1.788595753503111000e+15,-3.166494192555546761e-03,1.264918502420186996e-02,-2.026575803756713867e+00,8.240170776844024658e-03,-2.149871364235877991e-02,-6.685342788696289062e-01
1.788595755258945024e+18,1.788595753519111000e+15,-2.760697621852159500e-03,1.197069603949785233e-02,-2.036692857742309570e+00,7.667116820812225342e-03,-2.167837135493755341e-02,-6.652211546897888184e-01
1.788595755347938816e+18,1.788595753543111000e+15,-2.196170389652252197e-03,1.094137225300073624e-02,-2.051762580871582031e+00,6.829088553786277771e-03,-2.190330624580383301e-02,-6.605810523033142090e-01
1.788595755431301120e+18,1.788595753559111000e+15,-1.847880543209612370e-03,1.026033610105514526e-02,-2.061760425567626953e+00,6.250294856727123260e-03,-2.196094952523708344e-02,-6.572089791297912598e-01
1.788595755450870016e+18,1.788595753583111000e+15,-1.355779240839183331e-03,9.222795255482196808e-03,-2.076612234115600586e+00,5.388360470533370972e-03,-2.199184149503707886e-02,-6.524245738983154297e-01
1.788595755541597696e+18,1.788595753599111000e+15,-1.059921225532889366e-03,8.553259074687957764e-03,-2.086442470550537109e+00,4.748586099594831467e-03,-2.197142876684665680e-02,-6.489242315292358398e-01
1.788595755560936448e+18,1.788595753623111000e+15,-6.617930484935641289e-04,7.579840719699859619e-03,-2.101077795028686523e+00,3.803360974416136742e-03,-2.190628647804260254e-02,-6.440448760986328125e-01
1.788595755642062080e+18,1.788595753639111000e+15,-4.109730944037437439e-04,6.938529666513204575e-03,-2.110738754272460938e+00,3.232839284464716911e-03,-2.182853780686855316e-02,-6.406270265579223633e-01
1.788595755722943744e+18,1.788595753663111000e+15,-7.032913708826526999e-05,6.006355863064527512e-03,-2.125183343887329102e+00,2.246591728180646896e-03,-2.162347361445426941e-02,-6.358017921447753906e-01
1.788595755742257664e+18,1.788595753679111000e+15,1.294521498493850231e-04,5.422998685389757156e-03,-2.134695768356323242e+00,1.678226399235427380e-03,-2.149498276412487030e-02,-6.322312951087951660e-01
1.788595755818710528e+18,1.788595753703111000e+15,3.914944827556610107e-04,4.577607382088899612e-03,-2.148877143859863281e+00,7.228413596749305725e-04,-2.119046077132225037e-02,-6.273478269577026367e-01
1.788595755838238464e+18,1.788595753719111000e+15,5.368016427382826805e-04,4.035654943436384201e-03,-2.158255100250244141e+00,1.456296886317431927e-04,-2.098714560270309448e-02,-6.238103508949279785e-01
1.788595755916841984e+18,1.788595753743111000e+15,7.077825139276683331e-04,3.245442640036344528e-03,-2.172202587127685547e+00,-7.943799719214439392e-04,-2.044405415654182434e-02,-6.187928915023803711e-01
1.788595756000785920e+18,1.788595753759111000e+15,7.958438945934176445e-04,2.736962167546153069e-03,-2.181447029113769531e+00,-1.499465317465364933e-03,-2.013994008302688599e-02,-6.152254939079284668e-01
1.788595756020518400e+18,1.788595753783111000e+15,9.030064684338867664e-04,1.999658299610018730e-03,-2.195175170898437500e+00,-2.496307482942938805e-03,-1.959165185689926147e-02,-6.101909875869750977e-01
1.788595756090553344e+18,1.788595753799111000e+15,9.505248162895441055e-04,1.535966759547591209e-03,-2.204261779785156250e+00,-3.078086301684379578e-03,-1.919577084481716156e-02,-6.066074371337890625e-01
1.788595756170606592e+18,1.788595753823111000e+15,9.871560614556074142e-04,8.818944334052503109e-04,-2.217791318893432617e+00,-4.083672072738409042e-03,-1.860813051462173462e-02,-6.015819311141967773e-01
1.788595756189527296e+18,1.788595753839111000e+15,9.910343214869499207e-04,4.955898621119558811e-04,-2.226699352264404297e+00,-4.707439336925745010e-03,-1.814954541623592377e-02,-5.979198217391967773e-01
1.788595756273997568e+18,1.788595753863111000e+15,9.823292493820190430e-04,-4.858051033806987107e-05,-2.239966154098510742e+00,-5.717309657484292984e-03,-1.732806302607059479e-02,-5.913105607032775879e-01
1.788595756275125504e+18,1.788595753879111000e+15,9.727620054036378860e-04,-3.789700276684015989e-04,-2.248703241348266602e+00,-6.325481459498405457e-03,-1.685717701911926270e-02,-5.856966376304626465e-01
1.788595756366896640e+18,1.788595753903111000e+15,9.302441030740737915e-04,-8.126237080432474613e-04,-2.261608362197875977e+00,-7.288274820894002914e-03,-1.606549508869647980e-02,-5.753067731857299805e-01
1.788595756434549504e+18,1.788595753919111000e+15,8.851667516864836216e-04,-1.075479085557162762e-03,-2.270076751708984375e+00,-7.818979211151599884e-03,-1.553505379706621170e-02,-5.669875741004943848e-01
1.788595756454000896e+18,1.788595753943111000e+15,7.871239795349538326e-04,-1.415031263604760170e-03,-2.282482624053955078e+00,-8.675552904605865479e-03,-1.473458856344223022e-02,-5.524358153343200684e-01
1.788595756533292032e+18,1.788595753959111000e+15,7.041775970719754696e-04,-1.617246191017329693e-03,-2.290558099746704102e+00,-9.269738569855690002e-03,-1.417401712387800217e-02,-5.412433743476867676e-01
1.788595756553451264e+18,1.788595753983111000e+15,5.768149276264011860e-04,-1.854355563409626484e-03,-2.302223205566406250e+00,-1.006818376481533051e-02,-1.334215048700571060e-02,-5.223682522773742676e-01
1.788595756630195456e+18,1.788595753999111000e+15,4.822330665774643421e-04,-1.989317126572132111e-03,-2.309725046157836914e+00,-1.062310766428709030e-02,-1.282180193811655045e-02,-5.083312988281250000e-01
1.788595756709353216e+18,1.788595754023111000e+15,3.250637673772871494e-04,-2.155257854610681534e-03,-2.320529460906982422e+00,-1.143453735858201981e-02,-1.191955991089344025e-02,-4.854654967784881592e-01
1.788595756729455616e+18,1.788595754039111000e+15,2.082765859086066484e-04,-2.191019710153341293e-03,-2.327362060546875000e+00,-1.188031956553459167e-02,-1.134515739977359772e-02,-4.689236283302307129e-01
1.788595756809424384e+18,1.788595754063111000e+15,6.558653240062994882e-06,-2.213697647675871849e-03,-2.337113618850708008e+00,-1.264201663434505463e-02,-1.046591997146606445e-02,-4.420797526836395264e-01
1.788595756829882112e+18,1.788595754079111000e+15,-1.491121947765350342e-04,-2.193606924265623093e-03,-2.343223810195922852e+00,-1.309190876781940460e-02,-9.850904345512390137e-03,-4.229346513748168945e-01
1.788595756915631104e+18,1.788595754103111000e+15,-4.228080215398222208e-04,-2.112454967573285103e-03,-2.351734399795532227e+00,-1.367108430713415146e-02,-8.820122107863426208e-03,-3.925523757934570312e-01
1.788595756994238208e+18,1.788595754119111000e+15,-6.216040346771478653e-04,-2.040070947259664536e-03,-2.356998205184936523e+00,-1.411474868655204773e-02,-8.238890208303928375e-03,-3.711043596267700195e-01
1.788595757018961664e+18,1.788595754143111000e+15,-9.650121792219579220e-04,-1.851629698649048805e-03,-2.364086627960205078e+00,-1.492438931018114090e-02,-7.288094144314527512e-03,-3.393404781818389893e-01
1.788595757094092288e+18,1.788595754159111000e+15,-1.204875065013766289e-03,-1.698558102361857891e-03,-2.368363857269287109e+00,-1.537000760436058044e-02,-6.626223213970661163e-03,-3.195098340511322021e-01
1.788595757114873856e+18,1.788595754183111000e+15,-1.579549396410584450e-03,-1.428904593922197819e-03,-2.374164581298828125e+00,-1.599381677806377411e-02,-5.686227232217788696e-03,-2.922680675983428955e-01
1.788595757198398976e+18,1.788595754199111000e+15,-1.840159064158797264e-03,-1.228261389769613743e-03,-2.377656936645507812e+00,-1.640879362821578979e-02,-5.069025792181491852e-03,-2.757857739925384521e-01
1.788595757281662720e+18,1.788595754223111000e+15,-2.246384508907794952e-03,-8.926534210331737995e-04,-2.382393360137939453e+00,-1.701692491769790649e-02,-3.997621592134237289e-03,-2.535508871078491211e-01
1.788595757301028096e+18,1.788595754239111000e+15,-2.528595970943570137e-03,-6.258223438635468483e-04,-2.385163068771362305e+00,-1.738799922168254852e-02,-3.363416530191898346e-03,-2.403447777032852173e-01
1.788595757380992512e+18,1.788595754263111000e+15,-2.964171348139643669e-03,-1.990431337617337704e-04,-2.388985633850097656e+00,-1.789303869009017944e-02,-2.417713170871138573e-03,-2.227359414100646973e-01
1.788595757400668928e+18,1.788595754279111000e+15,-3.265475155785679817e-03,1.195054719573818147e-04,-2.391308784484863281e+00,-1.821983791887760162e-02,-1.842937315814197063e-03,-2.124289721250534058e-01
1.788595757502579968e+18,1.788595754303111000e+15,-3.739792155101895332e-03,6.346328882500529289e-04,-2.394502878189086914e+00,-1.879805885255336761e-02,-9.248184505850076675e-04,-1.991833448410034180e-01
1.788595757580964864e+18,1.788595754319111000e+15,-4.065178334712982178e-03,9.887377964332699776e-04,-2.396512985229492188e+00,-1.913650333881378174e-02,-3.021984011866152287e-04,-1.917882412672042847e-01
1.788595757599596544e+18,1.788595754343111000e+15,-4.570612218230962753e-03,1.542755635455250740e-03,-2.399309873580932617e+00,-1.975014992058277130e-02,6.687055574730038643e-04,-1.824569553136825562e-01
1.788595757694847488e+18,1.788595754359111000e+15,-4.927387926727533340e-03,1.905314740724861622e-03,-2.401097059249877930e+00,-2.011779695749282837e-02,1.214189687743782997e-03,-1.774427294731140137e-01
1.788595757713510912e+18,1.788595754383111000e+15,-5.490621551871299744e-03,2.438652794808149338e-03,-2.403697490692138672e+00,-2.068155072629451752e-02,1.956471242010593414e-03,-1.717762798070907593e-01
1.788595757803170048e+18,1.788595754399111000e+15,-5.897802300751209259e-03,2.778590656816959381e-03,-2.405398368835449219e+00,-2.103738859295845032e-02,2.537820953875780106e-03,-1.690632551908493042e-01
1.788595757875835136e+18,1.788595754423111000e+15,-6.511035375297069550e-03,3.283673897385597229e-03,-2.407966375350952148e+00,-2.150414884090423584e-02,3.294343128800392151e-03,-1.665894836187362671e-01
1.788595757896362240e+18,1.788595754439111000e+15,-6.923130247741937637e-03,3.616295289248228073e-03,-2.409699201583862305e+00,-2.182428725063800812e-02,3.724515670910477638e-03,-1.658664792776107788e-01
1.788595757996277504e+18,1.788595754463111000e+15,-7.534572388976812363e-03,4.114851355552673340e-03,-2.412365436553955078e+00,-2.227910049259662628e-02,4.367929883301258087e-03,-1.662043482065200806e-01
1.788595758064257280e+18,1.788595754479111000e+15,-7.932940497994422913e-03,4.447103012353181839e-03,-2.414210319519042969e+00,-2.253229357302188873e-02,4.775939043611288071e-03,-1.673450320959091187e-01
1.788595758088670464e+18,1.788595754503111000e+15,-8.512921631336212158e-03,4.933953285217285156e-03,-2.417080402374267578e+00,-2.279708534479141235e-02,5.358041264116764069e-03,-1.701688170433044434e-01
1.788595758160815104e+18,1.788595754519111000e+15,-8.895601145923137665e-03,5.253276787698268890e-03,-2.419090986251831055e+00,-2.298545651137828827e-02,5.589354317635297775e-03,-1.726142615079879761e-01
1.788595758180196864e+18,1.788595754543111000e+15,-9.464995004236698151e-03,5.680792499333620071e-03,-2.422239065170288086e+00,-2.328865043818950653e-02,5.887093953788280487e-03,-1.772670894861221313e-01
1.788595758269407488e+18,1.788595754559111000e+15,-9.829354472458362579e-03,5.960040725767612457e-03,-2.424443483352661133e+00,-2.342349290847778320e-02,6.098429206758737564e-03,-1.810490787029266357e-01
1.788595758336127488e+18,1.788595754583111000e+15,-1.035443227738142014e-02,6.373113486915826797e-03,-2.427920579910278320e+00,-2.364518493413925171e-02,6.398702505975961685e-03,-1.872805804014205933e-01
1.788595758359297536e+18,1.788595754599111000e+15,-1.067104749381542206e-02,6.617748178541660309e-03,-2.430346727371215820e+00,-2.367981523275375366e-02,6.540291942656040192e-03,-1.917968690395355225e-01
1.788595758442509056e+18,1.788595754623111000e+15,-1.113348919898271561e-02,6.973323877900838852e-03,-2.434188127517700195e+00,-2.373577095568180084e-02,6.717696320265531540e-03,-1.988177597522735596e-01
1.788595758466252288e+18,1.788595754639111000e+15,-1.142071560025215149e-02,7.196681108325719833e-03,-2.436885595321655273e+00,-2.378417365252971649e-02,6.834361236542463303e-03,-2.034201323986053467e-01
1.788595758543096832e+18,1.788595754663111000e+15,-1.185061968863010406e-02,7.540315389633178711e-03,-2.441086053848266602e+00,-2.363450452685356140e-02,7.088208571076393127e-03,-2.101946473121643066e-01
1.788595758618815232e+18,1.788595754679111000e+15,-1.214048173278570175e-02,7.771478500217199326e-03,-2.443997859954833984e+00,-2.370472624897956848e-02,7.184685673564672470e-03,-2.143522053956985474e-01
1.788595758640642048e+18,1.788595754703111000e+15,-1.255315728485584259e-02,8.129091002047061920e-03,-2.448486566543579102e+00,-2.367282845079898834e-02,7.261653896421194077e-03,-2.199334353208541870e-01
1.788595758730625536e+18,1.788595754719111000e+15,-1.283511240035295486e-02,8.364840410649776459e-03,-2.451584100723266602e+00,-2.359389513731002808e-02,7.348999381065368652e-03,-2.232533246278762817e-01
1.788595758735927552e+18,1.788595754743111000e+15,-1.321149244904518127e-02,8.716309443116188049e-03,-2.456364154815673828e+00,-2.348914556205272675e-02,7.358039263635873795e-03,-2.274629920721054077e-01
1.788595758821738496e+18,1.788595754759111000e+15,-1.345335599035024643e-02,8.949790149927139282e-03,-2.459630966186523438e+00,-2.334291115403175354e-02,7.335267029702663422e-03,-2.298489063978195190e-01
1.788595758900282368e+18,1.788595754783111000e+15,-1.380342245101928711e-02,9.301133453845977783e-03,-2.464634418487548828e+00,-2.321060188114643097e-02,7.412798702716827393e-03,-2.327893674373626709e-01
1.788595758920023808e+18,1.788595754799111000e+15,-1.400953531265258789e-02,9.519573301076889038e-03,-2.468024253845214844e+00,-2.305942215025424957e-02,7.394656073302030563e-03,-2.343482673168182373e-01
1.788595759012813568e+18,1.788595754823111000e+15,-1.431352738291025162e-02,9.831393137574195862e-03,-2.473186016082763672e+00,-2.268507704138755798e-02,7.323627825826406479e-03,-2.361318469047546387e-01
1.788595759018543872e+18,1.788595754839111000e+15,-1.450348272919654846e-02,1.002272963523864746e-02,-2.476668834686279297e+00,-2.250774390995502472e-02,7.340278010815382004e-03,-2.369338274002075195e-01
1.788595759107839488e+18,1.788595754863111000e+15,-1.477949693799018860e-02,1.027280278503894806e-02,-2.481930732727050781e+00,-2.220675349235534668e-02,7.329320069402456284e-03,-2.376779913902282715e-01
1.788595759201932032e+18,1.788595754879111000e+15,-1.496359519660472870e-02,1.042790710926055908e-02,-2.485465526580810547e+00,-2.194732241332530975e-02,7.264452055096626282e-03,-2.379190325736999512e-01
1.788595759203617280e+18,1.788595754903111000e+15,-1.522433944046497345e-02,1.056776102632284164e-02,-2.490783929824829102e+00,-2.176845818758010864e-02,7.012380287051200867e-03,-2.378166913986206055e-01
1.788595759282905856e+18,1.788595754919111000e+15,-1.540135499089956284e-02,1.064376067370176315e-02,-2.494325876235961914e+00,-2.161189354956150055e-02,6.879953201860189438e-03,-2.376584559679031372e-01
1.788595759302606848e+18,1.788595754943111000e+15,-1.567061431705951691e-02,1.073166914284229279e-02,-2.499629020690917969e+00,-2.133245952427387238e-02,6.556154228746891022e-03,-2.370077669620513916e-01
1.788595759380218368e+18,1.788595754959111000e+15,-1.585049182176589966e-02,1.075081340968608856e-02,-2.503126859664916992e+00,-2.122715488076210022e-02,6.375665776431560516e-03,-2.364180237054824829e-01
1.788595759454473472e+18,1.788595754983111000e+15,-1.613169722259044647e-02,1.078419201076030731e-02,-2.508387804031372070e+00,-2.097502164542675018e-02,6.066455040127038956e-03,-2.354049831628799438e-01
1.788595759473056000e+18,1.788595754999111000e+15,-1.631882786750793457e-02,1.076155249029397964e-02,-2.511858224868774414e+00,-2.078280784189701080e-02,5.842617712914943695e-03,-2.345125675201416016e-01
1.788595759558246912e+18,1.788595755023111000e+15,-1.661094091832637787e-02,1.070609409362077713e-02,-2.517048120498657227e+00,-2.070836909115314484e-02,5.436722654849290848e-03,-2.330530732870101929e-01
1.788595759578138368e+18,1.788595755039111000e+15,-1.681387051939964294e-02,1.063797995448112488e-02,-2.520484685897827148e+00,-2.062353678047657013e-02,5.059900693595409393e-03,-2.320133894681930542e-01
1.788595759672420352e+18,1.788595755063111000e+15,-1.712334156036376953e-02,1.047763042151927948e-02,-2.525558471679687500e+00,-2.036623843014240265e-02,4.431409295648336411e-03,-2.303048819303512573e-01
1.788595759742238976e+18,1.788595755079111000e+15,-1.733434945344924927e-02,1.035430096089839935e-02,-2.528916358947753906e+00,-2.023288607597351074e-02,4.048275295644998550e-03,-2.291789203882217407e-01
1.788595759762418944e+18,1.788595755103111000e+15,-1.762115396559238434e-02,1.009929459542036057e-02,-2.533841848373413086e+00,-1.999487169086933136e-02,3.475956385955214500e-03,-2.271497398614883423e-01
1.788595759852529408e+18,1.788595755119111000e+15,-1.780641824007034302e-02,9.914483875036239624e-03,-2.537095785140991211e+00,-1.982554979622364044e-02,3.082552226260304451e-03,-2.258204817771911621e-01
1.788595759939942656e+18,1.788595755143111000e+15,-1.807415857911109924e-02,9.615608491003513336e-03,-2.541934967041015625e+00,-1.948798075318336487e-02,2.444609533995389938e-03,-2.238684743642807007e-01
1.788595759963815168e+18,1.788595755159111000e+15,-1.823499053716659546e-02,9.385675191879272461e-03,-2.545114040374755859e+00,-1.920479536056518555e-02,2.021359279751777649e-03,-2.225898504257202148e-01
1.788595760039313152e+18,1.788595755183111000e+15,-1.846864446997642517e-02,9.035064838826656342e-03,-2.549842834472656250e+00,-1.889047957956790924e-02,1.309705199673771858e-03,-2.205591648817062378e-01
1.788595760058219264e+18,1.788595755199111000e+15,-1.861077174544334412e-02,8.788225241005420685e-03,-2.552940130233764648e+00,-1.858598925173282623e-02,8.196111884899437428e-04,-2.191190272569656372e-01
1.788595760149550848e+18,1.788595755223111000e+15,-1.883271709084510803e-02,8.394221775233745575e-03,-2.557497978210449219e+00,-1.820776425302028656e-02,1.813704438973218203e-04,-2.170662581920623779e-01
1.788595760219147008e+18,1.788595755239111000e+15,-1.898632943630218506e-02,8.126892149448394775e-03,-2.560511589050292969e+00,-1.798977702856063843e-02,-2.788657147902995348e-04,-2.157219052314758301e-01
1.788595760237844736e+18,1.788595755263111000e+15,-1.922253705561161041e-02,7.684673182666301727e-03,-2.564984321594238281e+00,-1.768169552087783813e-02,-9.060834418050944805e-04,-2.137386351823806763e-01
1.788595760328569344e+18,1.788595755279111000e+15,-1.938438042998313904e-02,7.379475049674510956e-03,-2.567954063415527344e+00,-1.752682961523532867e-02,-1.326758647337555885e-03,-2.124344259500503540e-01
1.788595760336451584e+18,1.788595755303111000e+15,-1.968273706734180450e-02,6.830991711467504501e-03,-2.572344303131103516e+00,-1.731819100677967072e-02,-2.062927698716521263e-03,-2.103604078292846680e-01
1.788595760423663616e+18,1.788595755319111000e+15,-1.990355923771858215e-02,6.446614395827054977e-03,-2.575259447097778320e+00,-1.720321178436279297e-02,-2.563132904469966888e-03,-2.089400440454483032e-01
1.788595760497335808e+18,1.788595755343111000e+15,-2.026531100273132324e-02,5.844481289386749268e-03,-2.579613685607910156e+00,-1.699411869049072266e-02,-3.196928882971405983e-03,-2.070242911577224731e-01
1.788595760516153088e+18,1.788595755359111000e+15,-2.054006047546863556e-02,5.416071508079767227e-03,-2.582461118698120117e+00,-1.697618328034877777e-02,-3.561643417924642563e-03,-2.057939916849136353e-01
1.788595760608359936e+18,1.788595755383111000e+15,-2.094543538987636566e-02,4.777019843459129333e-03,-2.586725473403930664e+00,-1.663859188556671143e-02,-4.154993686825037003e-03,-2.038385272026062012e-01
1.788595760612419840e+18,1.788595755399111000e+15,-2.120941318571567535e-02,4.343396518379449844e-03,-2.589540243148803711e+00,-1.652740128338336945e-02,-4.606155212968587875e-03,-2.025452256202697754e-01
1.788595760703806976e+18,1.788595755423111000e+15,-2.160794846713542938e-02,3.667054697871208191e-03,-2.593725442886352539e+00,-1.640847511589527130e-02,-5.141703411936759949e-03,-2.009001523256301880e-01
1.788595760771948032e+18,1.788595755439111000e+15,-2.187381125986576080e-02,3.214854048565030098e-03,-2.596515655517578125e+00,-1.628496684134006500e-02,-5.409263074398040771e-03,-1.996623426675796509e-01
1.788595760791098112e+18,1.788595755463111000e+15,-2.227601408958435059e-02,2.464830409735441208e-03,-2.600669384002685547e+00,-1.602245867252349854e-02,-5.990134086459875107e-03,-1.979655027389526367e-01
1.788595760879433216e+18,1.788595755479111000e+15,-2.255697920918464661e-02,1.946957898326218128e-03,-2.603472948074340820e+00,-1.586982607841491699e-02,-6.306298542767763138e-03,-1.967812925577163696e-01
1.788595760899302912e+18,1.788595755503111000e+15,-2.299667894840240479e-02,1.146836089901626110e-03,-2.607657432556152344e+00,-1.575328782200813293e-02,-6.766429170966148376e-03,-1.949747502803802490e-01
1.788595760981378048e+18,1.788595755519111000e+15,-2.329894341528415680e-02,6.032640812918543816e-04,-2.610428810119628906e+00,-1.571228913962841034e-02,-7.137854583561420441e-03,-1.937692910432815552e-01
1.788595761050537472e+18,1.788595755543111000e+15,-2.376293204724788666e-02,-2.260200999444350600e-04,-2.614562034606933594e+00,-1.559251826256513596e-02,-7.653370499610900879e-03,-1.921854317188262939e-01
1.788595761069778432e+18,1.788595755559111000e+15,-2.408715896308422089e-02,-7.808700902387499809e-04,-2.617291927337646484e+00,-1.546517480164766312e-02,-7.962413132190704346e-03,-1.909817606210708618e-01
1.788595761161792768e+18,1.788595755583111000e+15,-2.457690611481666565e-02,-1.601307652890682220e-03,-2.621373414993286133e+00,-1.527606137096881866e-02,-8.290912955999374390e-03,-1.893043965101242065e-01
1.788595761168616960e+18,1.788595755599111000e+15,-2.491294033825397491e-02,-2.147041261196136475e-03,-2.624074459075927734e+00,-1.512595172971487045e-02,-8.493053726851940155e-03,-1.881179362535476685e-01
1.788595761247462400e+18,1.788595755623111000e+15,-2.542057260870933533e-02,-2.950601279735565186e-03,-2.628090858459472656e+00,-1.491291448473930359e-02,-8.687324821949005127e-03,-1.864908784627914429e-01
1.788595761344315136e+18,1.788595755639111000e+15,-2.575621195137500763e-02,-3.473616437986493111e-03,-2.630759000778198242e+00,-1.481192652136087418e-02,-8.863646537065505981e-03,-1.853299140930175781e-01
1.788595761344871424e+18,1.788595755663111000e+15,-2.628839947283267975e-02,-4.269357770681381226e-03,-2.634691715240478516e+00,-1.463653054088354111e-02,-9.101836942136287689e-03,-1.835085302591323853e-01
1.788595761432304384e+18,1.788595755679111000e+15,-2.664443477988243103e-02,-4.800783470273017883e-03,-2.637296438217163086e+00,-1.450504176318645477e-02,-9.194154292345046997e-03,-1.822401434183120728e-01
1.788595761451946240e+18,1.788595755703111000e+15,-2.718029916286468506e-02,-5.596570204943418503e-03,-2.641170024871826172e+00,-1.442733686417341232e-02,-9.298074990510940552e-03,-1.804217547178268433e-01
1.788595761532792576e+18,1.788595755719111000e+15,-2.753045968711376190e-02,-6.139658391475677490e-03,-2.643717527389526367e+00,-1.437379326671361923e-02,-9.367657825350761414e-03,-1.792134940624237061e-01
1.788595761610496000e+18,1.788595755743111000e+15,-2.804044634103775024e-02,-6.931908894330263138e-03,-2.647530317306518555e+00,-1.428981684148311615e-02,-9.398889727890491486e-03,-1.776018738746643066e-01
1.788595761629271296e+18,1.788595755759111000e+15,-2.836473099887371063e-02,-7.449182216078042984e-03,-2.650058984756469727e+00,-1.414706185460090637e-02,-9.409099817276000977e-03,-1.763937473297119141e-01
1.788595761727358976e+18,1.788595755783111000e+15,-2.882717549800872803e-02,-8.200519718229770660e-03,-2.653838157653808594e+00,-1.401420589536428452e-02,-9.269213303923606873e-03,-1.746712327003479004e-01
1.788595761801394176e+18,1.788595755799111000e+15,-2.911164611577987671e-02,-8.688610047101974487e-03,-2.656342267990112305e+00,-1.393428817391395569e-02,-9.249421767890453339e-03,-1.735645234584808350e-01
1.788595761831562752e+18,1.788595755823111000e+15,-2.950598299503326416e-02,-9.387231431901454926e-03,-2.660078525543212891e+00,-1.365008670836687088e-02,-8.996980264782905579e-03,-1.718802750110626221e-01
1.788595761933209856e+18,1.788595755839111000e+15,-2.975625172257423401e-02,-9.830809198319911957e-03,-2.662562608718872070e+00,-1.348120812326669693e-02,-8.818598464131355286e-03,-1.707894355058670044e-01
1.788595761934336768e+18,1.788595755863111000e+15,-3.012968599796295166e-02,-1.049309503287076950e-02,-2.666254043579101562e+00,-1.316199079155921936e-02,-8.432356640696525574e-03,-1.689958274364471436e-01
1.788595762015750144e+18,1.788595755879111000e+15,-3.036414086818695068e-02,-1.090298499912023544e-02,-2.668719768524169922e+00,-1.288502942770719528e-02,-8.255824446678161621e-03,-1.678114086389541626e-01
1.788595762086461184e+18,1.788595755903111000e+15,-3.069293498992919922e-02,-1.147271227091550827e-02,-2.672382593154907227e+00,-1.249199919402599335e-02,-7.871048524975776672e-03,-1.661781966686248779e-01
1.788595762112711168e+18,1.788595755919111000e+15,-3.088892996311187744e-02,-1.183129567652940750e-02,-2.674787759780883789e+00,-1.234582159668207169e-02,-7.610365282744169235e-03,-1.650735288858413696e-01
1.788595762200915200e+18,1.788595755943111000e+15,-3.118062764406204224e-02,-1.233063917607069016e-02,-2.678386926651000977e+00,-1.202527992427349091e-02,-7.057364098727703094e-03,-1.634052991867065430e-01
1.788595762205903104e+18,1.788595755959111000e+15,-3.137433156371116638e-02,-1.263090781867504120e-02,-2.680752515792846680e+00,-1.185657177120447159e-02,-6.722063291817903519e-03,-1.622087955474853516e-01
1.788595762302465536e+18,1.788595755983111000e+15,-3.163884207606315613e-02,-1.304845232516527176e-02,-2.684248685836791992e+00,-1.153892185539007187e-02,-6.216302979737520218e-03,-1.604793220758438110e-01
1.788595762364129024e+18,1.788595755999111000e+15,-3.180574625730514526e-02,-1.330810878425836563e-02,-2.686561346054077148e+00,-1.128896698355674744e-02,-5.846879445016384125e-03,-1.592887490987777710e-01
1.788595762383680512e+18,1.788595756023111000e+15,-3.202892094850540161e-02,-1.367883011698722839e-02,-2.689940452575683594e+00,-1.096816733479499817e-02,-5.265457555651664734e-03,-1.575963050127029419e-01
1.788595762475851776e+18,1.788595756039111000e+15,-3.217652812600135803e-02,-1.390904001891613007e-02,-2.692209482192993164e+00,-1.066637039184570312e-02,-4.834117833524942398e-03,-1.563951224088668823e-01
1.788595762476986880e+18,1.788595756063111000e+15,-3.237999975681304932e-02,-1.424156408756971359e-02,-2.695508718490600586e+00,-1.026612054556608200e-02,-4.299856256693601608e-03,-1.547645777463912964e-01
1.788595762565315840e+18,1.788595756079111000e+15,-3.251724690198898315e-02,-1.445064693689346313e-02,-2.697693347930908203e+00,-1.005785353481769562e-02,-3.878609510138630867e-03,-1.535551100969314575e-01
1.788595762636181248e+18,1.788595756103111000e+15,-3.273021802306175232e-02,-1.474466454237699509e-02,-2.700934886932373047e+00,-9.765914641320705414e-03,-3.226932603865861893e-03,-1.518876105546951294e-01
1.788595762657859072e+18,1.788595756119111000e+15,-3.288758173584938049e-02,-1.489292550832033157e-02,-2.703068971633911133e+00,-9.564834646880626678e-03,-2.721649594604969025e-03,-1.507098227739334106e-01
1.788595762744967680e+18,1.788595756143111000e+15,-3.313849493861198425e-02,-1.507688779383897781e-02,-2.706255197525024414e+00,-9.254363365471363068e-03,-2.061504404991865158e-03,-1.491526067256927490e-01
1.788595762749168640e+18,1.788595756159111000e+15,-3.333001583814620972e-02,-1.516492106020450592e-02,-2.708361387252807617e+00,-9.046757593750953674e-03,-1.589254592545330524e-03,-1.481406539678573608e-01
1.788595762828979456e+18,1.788595756183111000e+15,-3.365723788738250732e-02,-1.525904051959514618e-02,-2.711476325988769531e+00,-8.721731603145599365e-03,-8.827418205328285694e-04,-1.465917825698852539e-01
1.788595762935125248e+18,1.788595756199111000e+15,-3.388296812772750854e-02,-1.530298311263322830e-02,-2.713540077209472656e+00,-8.459641598165035248e-03,-4.395013384055346251e-04,-1.456310451030731201e-01
1.788595762937474304e+18,1.788595756223111000e+15,-3.430951386690139771e-02,-1.529047451913356781e-02,-2.716578960418701172e+00,-8.226996287703514099e-03,4.454252775758504868e-04,-1.440563797950744629e-01
1.788595763035132416e+18,1.788595756239111000e+15,-3.459718078374862671e-02,-1.526006776839494705e-02,-2.718583106994628906e+00,-8.125953376293182373e-03,9.933649562299251556e-04,-1.430585384368896484e-01
1.788595763038332672e+18,1.788595756263111000e+15,-3.502932190895080566e-02,-1.518348418176174164e-02,-2.721558094024658203e+00,-7.821866311132907867e-03,1.803364022634923458e-03,-1.416009515523910522e-01
1.788595763123353856e+18,1.788595756279111000e+15,-3.533733263611793518e-02,-1.511276885867118835e-02,-2.723474025726318359e+00,-7.801513187587261200e-03,2.372848801314830780e-03,-1.406026482582092285e-01
1.788595763208163072e+18,1.788595756303111000e+15,-3.578342497348785400e-02,-1.499129272997379303e-02,-2.726357460021972656e+00,-7.510495837777853012e-03,3.209484275430440903e-03,-1.391473263502120972e-01
1.788595763213058048e+18,1.788595756319111000e+15,-3.610339388251304626e-02,-1.490849722176790237e-02,-2.728222370147705078e+00,-7.368663791567087173e-03,3.765264991670846939e-03,-1.381070762872695923e-01
1.788595763296401152e+18,1.788595756343111000e+15,-3.656619042158126831e-02,-1.477198395878076553e-02,-2.731001615524291992e+00,-7.172529585659503937e-03,4.431609995663166046e-03,-1.367376893758773804e-01
1.788595763317150976e+18,1.788595756359111000e+15,-3.686448186635971069e-02,-1.467445679008960724e-02,-2.732823848724365234e+00,-6.892958655953407288e-03,4.894925747066736221e-03,-1.358212977647781372e-01
1.788595763394216960e+18,1.788595756383111000e+15,-3.728726878762245178e-02,-1.448458991944789886e-02,-2.735512018203735352e+00,-6.699751596897840500e-03,5.710461176931858063e-03,-1.344877332448959351e-01
1.788595763473325824e+18,1.788595756399111000e+15,-3.755480796098709106e-02,-1.433835551142692566e-02,-2.737295627593994141e+00,-6.577389314770698547e-03,6.252209190279245377e-03,-1.336256712675094604e-01
1.788595763493063936e+18,1.788595756423111000e+15,-3.794852271676063538e-02,-1.405245717614889145e-02,-2.739885568618774414e+00,-6.321132183074951172e-03,6.903490051627159119e-03,-1.323692351579666138e-01
1.788595763584145920e+18,1.788595756439111000e+15,-3.820315003395080566e-02,-1.384154800325632095e-02,-2.741620779037475586e+00,-6.137719843536615372e-03,7.472711615264415741e-03,-1.315056234598159790e-01
1.788595763653019904e+18,1.788595756463111000e+15,-3.856949508190155029e-02,-1.349236816167831421e-02,-2.744189739227294922e+00,-5.788908805698156357e-03,8.295868523418903351e-03,-1.302974075078964233e-01
1.788595763672542208e+18,1.788595756479111000e+15,-3.880882635712623596e-02,-1.321809552609920502e-02,-2.745866298675537109e+00,-5.597853567451238632e-03,8.824948221445083618e-03,-1.294766366481781006e-01
1.788595763744013824e+18,1.788595756503111000e+15,-3.914853930473327637e-02,-1.278676837682723999e-02,-2.748377084732055664e+00,-5.214070901274681091e-03,9.659913368523120880e-03,-1.283067613840103149e-01
1.788595763767535872e+18,1.788595756519111000e+15,-3.936072066426277161e-02,-1.247614528983831406e-02,-2.750034093856811523e+00,-4.972311668097972870e-03,1.019544154405593872e-02,-1.274356245994567871e-01
1.788595763853265152e+18,1.788595756543111000e+15,-3.966280072927474976e-02,-1.198812108486890793e-02,-2.752489328384399414e+00,-4.677309188991785049e-03,1.091531198471784592e-02,-1.263317465782165527e-01
1.788595763937039872e+18,1.788595756559111000e+15,-3.985294327139854431e-02,-1.165451947599649429e-02,-2.754123926162719727e+00,-4.400008358061313629e-03,1.134249567985534668e-02,-1.255168169736862183e-01
1.788595763956491008e+18,1.788595756583111000e+15,-4.012629017233848572e-02,-1.112074311822652817e-02,-2.756561279296875000e+00,-4.072190262377262115e-03,1.203423365950584412e-02,-1.243782639503479004e-01
1.788595764035293952e+18,1.788595756599111000e+15,-4.029820486903190613e-02,-1.075496338307857513e-02,-2.758187770843505859e+00,-3.751697950065135956e-03,1.237753685563802719e-02,-1.235894709825515747e-01
1.788595764054291712e+18,1.788595756623111000e+15,-4.054851084947586060e-02,-1.019575726240873337e-02,-2.760587215423583984e+00,-3.268429776653647423e-03,1.285499148070812225e-02,-1.226359680294990540e-01
1.788595764130081024e+18,1.788595756639111000e+15,-4.070109128952026367e-02,-9.822112508118152618e-03,-2.762184858322143555e+00,-2.980674616992473602e-03,1.328004803508520126e-02,-1.218969002366065979e-01
1.788595764207253248e+18,1.788595756663111000e+15,-4.091202467679977417e-02,-9.261365048587322235e-03,-2.764575242996215820e+00,-2.462622243911027908e-03,1.378453336656093597e-02,-1.208926364779472351e-01
1.788595764226884352e+18,1.788595756679111000e+15,-4.103816673159599304e-02,-8.884487673640251160e-03,-2.766152143478393555e+00,-2.196843503043055534e-03,1.410206500440835953e-02,-1.201065853238105774e-01
1.788595764305618688e+18,1.788595756703111000e+15,-4.122060164809226990e-02,-8.321969769895076752e-03,-2.768526792526245117e+00,-1.704738591797649860e-03,1.443522982299327850e-02,-1.191054284572601318e-01
1.788595764326324224e+18,1.788595756719111000e+15,-4.134605452418327332e-02,-7.948900572955608368e-03,-2.770118236541748047e+00,-1.399219152517616749e-03,1.469179242849349976e-02,-1.183889731764793396e-01
1.788595764406644992e+18,1.788595756743111000e+15,-4.156053438782691956e-02,-7.379404734820127487e-03,-2.772506237030029297e+00,-1.098127337172627449e-03,1.500416919589042664e-02,-1.174442619085311890e-01
1.788595764483648768e+18,1.788595756759111000e+15,-4.170483723282814026e-02,-6.998919416218996048e-03,-2.774098634719848633e+00,-7.941944058984518051e-04,1.517037954181432724e-02,-1.167039200663566589e-01
1.788595764501647616e+18,1.788595756783111000e+15,-4.192741587758064270e-02,-6.364989560097455978e-03,-2.776445388793945312e+00,-2.728803665377199650e-04,1.554259005934000015e-02,-1.157137304544448853e-01
1.788595764577466112e+18,1.788595756799111000e+15,-4.205838590860366821e-02,-5.920082796365022659e-03,-2.778000354766845703e+00,-6.620952626690268517e-05,1.586033031344413757e-02,-1.150581166148185730e-01
1.788595764597427968e+18,1.788595756823111000e+15,-4.222676530480384827e-02,-5.222140811383724213e-03,-2.780324220657348633e+00,4.060072824358940125e-04,1.613445580005645752e-02,-1.140433028340339661e-01
1.788595764684073472e+18,1.788595756839111000e+15,-4.231956973671913147e-02,-4.734768532216548920e-03,-2.781866550445556641e+00,7.151324534788727760e-04,1.625530049204826355e-02,-1.133889779448509216e-01
1.788595764759834112e+18,1.788595756863111000e+15,-4.243145138025283813e-02,-3.973548766225576401e-03,-2.784158229827880859e+00,1.148225972428917885e-03,1.651675626635551453e-02,-1.125957593321800232e-01
1.788595764779861248e+18,1.788595756879111000e+15,-4.247215390205383301e-02,-3.431945573538541794e-03,-2.785651922225952148e+00,1.530602574348449707e-03,1.668250933289527893e-02,-1.118152141571044922e-01
1.788595764863395072e+18,1.788595756903111000e+15,-4.250101372599601746e-02,-2.605761168524622917e-03,-2.787877559661865234e+00,1.970802666619420052e-03,1.692320592701435089e-02,-1.107491999864578247e-01
1.788595764882840064e+18,1.788595756919111000e+15,-4.249016940593719482e-02,-2.027857117354869843e-03,-2.789349794387817383e+00,2.316660014912486076e-03,1.711511798202991486e-02,-1.099831163883209229e-01
1.788595764971089920e+18,1.788595756943111000e+15,-4.242472723126411438e-02,-1.147654489614069462e-03,-2.791515827178955078e+00,2.813613973557949066e-03,1.744721829891204834e-02,-1.089960560202598572e-01
1.788595765042305280e+18,1.788595756959111000e+15,-4.235956445336341858e-02,-5.623744800686836243e-04,-2.792945861816406250e+00,3.161451080814003944e-03,1.766419783234596252e-02,-1.083391383290290833e-01
1.788595765062347520e+18,1.788595756983111000e+15,-4.219694063067436218e-02,3.206236870028078556e-04,-2.795074939727783203e+00,3.831681795418262482e-03,1.779552921652793884e-02,-1.073175817728042603e-01
1.788595765157389568e+18,1.788595756999111000e+15,-4.207963868975639343e-02,9.217163315042853355e-04,-2.796494245529174805e+00,4.283459391444921494e-03,1.795043610036373138e-02,-1.065628677606582642e-01
1.788595765161078016e+18,1.788595757023111000e+15,-4.188719764351844788e-02,1.839225995354354382e-03,-2.798621177673339844e+00,4.893048666417598724e-03,1.803661324083805084e-02,-1.056127324700355530e-01
1.788595765255041024e+18,1.788595757039111000e+15,-4.178176447749137878e-02,2.490801271051168442e-03,-2.800068855285644531e+00,5.264721345156431198e-03,1.814235374331474304e-02,-1.049230992794036865e-01
1.788595765330979328e+18,1.788595757063111000e+15,-4.162182658910751343e-02,3.465804969891905785e-03,-2.802253484725952148e+00,5.865105893462896347e-03,1.819616556167602539e-02,-1.040104851126670837e-01
1.788595765350431232e+18,1.788595757079111000e+15,-4.152118042111396790e-02,4.128372762352228165e-03,-2.803721427917480469e+00,6.237011402845382690e-03,1.827100291848182678e-02,-1.032091826200485229e-01
1.788595765450324224e+18,1.788595757103111000e+15,-4.137362167239189148e-02,5.109641235321760178e-03,-2.805931806564331055e+00,6.789657752960920334e-03,1.834870688617229462e-02,-1.024188622832298279e-01
1.788595765516847360e+18,1.788595757119111000e+15,-4.128931090235710144e-02,5.765425506979227066e-03,-2.807422637939453125e+00,7.046688813716173172e-03,1.837274059653282166e-02,-1.017929017543792725e-01
1.788595765535954944e+18,1.788595757143111000e+15,-4.115718230605125427e-02,6.762008648365736008e-03,-2.809675693511962891e+00,7.344495505094528198e-03,1.844951696693897247e-02,-1.007798090577125549e-01
1.788595765621504256e+18,1.788595757159111000e+15,-4.106254875659942627e-02,7.421281654387712479e-03,-2.811177968978881836e+00,7.633597590029239655e-03,1.844018138945102692e-02,-1.000959500670433044e-01
1.788595765643163648e+18,1.788595757183111000e+15,-4.090387746691703796e-02,8.410852402448654175e-03,-2.813487529754638672e+00,7.987289689481258392e-03,1.836157590150833130e-02,-9.915327280759811401e-02
1.788595765748402176e+18,1.788595757199111000e+15,-4.079694300889968872e-02,9.058740921318531036e-03,-2.815042257308959961e+00,8.178928866982460022e-03,1.823733001947402954e-02,-9.850447624921798706e-02
1.788595765831050752e+18,1.788595757223111000e+15,-4.063529893755912781e-02,1.001415401697158813e-02,-2.817377090454101562e+00,8.508965373039245605e-03,1.815171539783477783e-02,-9.764969348907470703e-02
1.788595765855852544e+18,1.788595757239111000e+15,-4.055046290159225464e-02,1.065189205110073090e-02,-2.818932771682739258e+00,8.626955561339855194e-03,1.804068684577941895e-02,-9.682411700487136841e-02
1.788595765938374144e+18,1.788595757263111000e+15,-4.041934758424758911e-02,1.158318948000669479e-02,-2.821254253387451172e+00,8.961477316915988922e-03,1.776668801903724670e-02,-9.585728496313095093e-02
1.788595765958425344e+18,1.788595757279111000e+15,-4.033522307872772217e-02,1.219205744564533234e-02,-2.822797775268554688e+00,9.130897000432014465e-03,1.762438751757144928e-02,-9.504211694002151489e-02
1.788595766044240128e+18,1.788595757303111000e+15,-4.021497443318367004e-02,1.308635715395212173e-02,-2.825119018554687500e+00,9.331365115940570831e-03,1.733079925179481506e-02,-9.396313875913619995e-02
1.788595766125423360e+18,1.788595757319111000e+15,-4.013257101178169250e-02,1.366503257304430008e-02,-2.826663017272949219e+00,9.519709274172782898e-03,1.703592948615550995e-02,-9.310428798198699951e-02
1.788595766143329280e+18,1.788595757343111000e+15,-4.008189961314201355e-02,1.450711302459239960e-02,-2.828987836837768555e+00,9.587392210960388184e-03,1.655990444123744965e-02,-9.207053482532501221e-02
1.788595766242394368e+18,1.788595757359111000e+15,-4.003942012786865234e-02,1.504594273865222931e-02,-2.830523014068603516e+00,9.606580249965190887e-03,1.618684455752372742e-02,-9.115833044052124023e-02
1.788595766249323776e+18,1.788595757383111000e+15,-4.004739597439765930e-02,1.582496985793113708e-02,-2.832878351211547852e+00,9.521835483610630035e-03,1.564059406518936157e-02,-9.001215547323226929e-02
1.788595766326543872e+18,1.788595757399111000e+15,-4.005511477589607239e-02,1.631010510027408600e-02,-2.834465980529785156e+00,9.511362761259078979e-03,1.534582674503326416e-02,-8.910901099443435669e-02
1.788595766399433472e+18,1.788595757423111000e+15,-4.006964713335037231e-02,1.698891818523406982e-02,-2.836868286132812500e+00,9.405582211911678314e-03,1.470724213868379593e-02,-8.785627782344818115e-02
1.788595766418027520e+18,1.788595757439111000e+15,-4.009552672505378723e-02,1.740857958793640137e-02,-2.838513851165771484e+00,9.291748516261577606e-03,1.419869810342788696e-02,-8.706463128328323364e-02
1.788595766491575040e+18,1.788595757463111000e+15,-4.012906178832054138e-02,1.801693812012672424e-02,-2.840973854064941406e+00,9.247096255421638489e-03,1.346781570464372635e-02,-8.589413762092590332e-02
1.788595766512024832e+18,1.788595757479111000e+15,-4.015261679887771606e-02,1.841633580625057220e-02,-2.842629194259643555e+00,9.195216000080108643e-03,1.303041446954011917e-02,-8.504752814769744873e-02
1.788595766584053760e+18,1.788595757503111000e+15,-4.019318893551826477e-02,1.900655776262283325e-02,-2.845115184783935547e+00,9.167725220322608948e-03,1.240445673465728760e-02,-8.367290347814559937e-02
1.788595766657720064e+18,1.788595757519111000e+15,-4.021696746349334717e-02,1.938609220087528229e-02,-2.846777677536010742e+00,9.148951619863510132e-03,1.190830115228891373e-02,-8.266331255435943604e-02
1.788595766677703936e+18,1.788595757543111000e+15,-4.028036817908287048e-02,1.996202766895294189e-02,-2.849268198013305664e+00,9.029375389218330383e-03,1.118379924446344376e-02,-8.137005567550659180e-02
1.788595766752328960e+18,1.788595757559111000e+15,-4.033420607447624207e-02,2.034434117376804352e-02,-2.850893259048461914e+00,8.808325044810771942e-03,1.067193504422903061e-02,-8.035217970609664917e-02
1.788595766771510528e+18,1.788595757583111000e+15,-4.043279588222503662e-02,2.091383188962936401e-02,-2.853275299072265625e+00,8.630524389445781708e-03,9.947131387889385223e-03,-7.891406863927841187e-02
1.788595766854553600e+18,1.788595757599111000e+15,-4.051886498928070068e-02,2.131080068647861481e-02,-2.854813098907470703e+00,8.499556221067905426e-03,9.447075426578521729e-03,-7.783605903387069702e-02
1.788595766944078592e+18,1.788595757623111000e+15,-4.063194990158081055e-02,2.186850644648075104e-02,-2.857080221176147461e+00,8.353391662240028381e-03,8.682594634592533112e-03,-7.630745321512222290e-02
1.788595766962956032e+18,1.788595757639111000e+15,-4.074946790933609009e-02,2.228170074522495270e-02,-2.858551740646362305e+00,8.217723108828067780e-03,8.198294788599014282e-03,-7.515965402126312256e-02
1.788595767043251968e+18,1.788595757663111000e+15,-4.093718528747558594e-02,2.288903668522834778e-02,-2.860692739486694336e+00,8.012657985091209412e-03,7.515764795243740082e-03,-7.355499267578125000e-02
1.788595767063116544e+18,1.788595757679111000e+15,-4.108768329024314880e-02,2.330183051526546478e-02,-2.862084865570068359e+00,7.896442897617816925e-03,7.100162096321582794e-03,-7.246770709753036499e-02
1.788595767140560384e+18,1.788595757703111000e+15,-4.132080450654029846e-02,2.392883040010929108e-02,-2.864080429077148438e+00,7.752449251711368561e-03,6.448376923799514771e-03,-7.094692438840866089e-02
1.788595767219488256e+18,1.788595757719111000e+15,-4.147053509950637817e-02,2.433535642921924591e-02,-2.865366697311401367e+00,7.614687550812959671e-03,6.004047114402055740e-03,-6.980551034212112427e-02
1.788595767238847488e+18,1.788595757743111000e+15,-4.172849655151367188e-02,2.501126751303672791e-02,-2.867218971252441406e+00,7.407280150800943375e-03,5.465820431709289551e-03,-6.835021078586578369e-02
1.788595767327503872e+18,1.788595757759111000e+15,-4.190010204911231995e-02,2.546395920217037201e-02,-2.868414163589477539e+00,7.236921694129705429e-03,5.083747208118438721e-03,-6.728012114763259888e-02
1.788595767396896000e+18,1.788595757783111000e+15,-4.215295240283012390e-02,2.614566683769226074e-02,-2.870147705078125000e+00,7.081673014909029007e-03,4.489197861403226852e-03,-6.588242948055267334e-02
1.788595767416226048e+18,1.788595757799111000e+15,-4.232315719127655029e-02,2.662484161555767059e-02,-2.871243476867675781e+00,7.007471285760402679e-03,4.094423726201057434e-03,-6.494468450546264648e-02
1.788595767496487168e+18,1.788595757823111000e+15,-4.256155341863632202e-02,2.732555381953716278e-02,-2.872864484786987305e+00,6.877285894006490707e-03,3.649554215371608734e-03,-6.364814192056655884e-02
1.788595767516875264e+18,1.788595757839111000e+15,-4.271079599857330322e-02,2.779878117144107819e-02,-2.873932123184204102e+00,6.775667425245046616e-03,3.287579631432890892e-03,-6.267806887626647949e-02
1.788595767598397696e+18,1.788595757863111000e+15,-4.297339543700218201e-02,2.850373648107051849e-02,-2.875482082366943359e+00,6.651093717664480209e-03,2.821814734488725662e-03,-6.143646687269210815e-02
1.788595767675948800e+18,1.788595757879111000e+15,-4.315339028835296631e-02,2.895827405154705048e-02,-2.876490354537963867e+00,6.489770952612161636e-03,2.542870119214057922e-03,-6.049628183245658875e-02
1.788595767695349504e+18,1.788595757903111000e+15,-4.345580935478210449e-02,2.962278760969638824e-02,-2.877954006195068359e+00,6.278082262724637985e-03,2.027173992246389389e-03,-5.943619832396507263e-02
1.788595767774191872e+18,1.788595757919111000e+15,-4.365896806120872498e-02,3.004588745534420013e-02,-2.878909587860107422e+00,6.231194827705621719e-03,1.686882460489869118e-03,-5.870093777775764465e-02
1.788595767794819328e+18,1.788595757943111000e+15,-4.395336657762527466e-02,3.066830337047576904e-02,-2.880317687988281250e+00,6.207861006259918213e-03,1.104105031117796898e-03,-5.765225365757942200e-02
1.788595767869920256e+18,1.788595757959111000e+15,-4.414166882634162903e-02,3.105187416076660156e-02,-2.881257772445678711e+00,6.130933761596679688e-03,7.690296042710542679e-04,-5.694681033492088318e-02
1.788595767958129920e+18,1.788595757983111000e+15,-4.441186785697937012e-02,3.158268705010414124e-02,-2.882672786712646484e+00,6.010764278471469879e-03,1.439865736756473780e-04,-5.605816468596458435e-02
1.788595767980899328e+18,1.788595757999111000e+15,-4.457274079322814941e-02,3.193282335996627808e-02,-2.883633136749267578e+00,5.966302007436752319e-03,-2.087790053337812424e-04,-5.542912334203720093e-02
1.788595768075243776e+18,1.788595758023111000e+15,-4.478668421506881714e-02,3.242772072553634644e-02,-2.885071039199829102e+00,5.972885526716709137e-03,-8.098922553472220898e-04,-5.454029515385627747e-02
1.788595768079883776e+18,1.788595758039111000e+15,-4.490822926163673401e-02,3.274361789226531982e-02,-2.886040210723876953e+00,6.004315335303544998e-03,-1.263902871869504452e-03,-5.390040576457977295e-02
1.788595768161057536e+18,1.788595758063111000e+15,-4.507487267255783081e-02,3.316501155495643616e-02,-2.887500047683715820e+00,6.112205330282449722e-03,-1.970188459381461143e-03,-5.327200517058372498e-02
1.788595768231534080e+18,1.788595758079111000e+15,-4.517552256584167480e-02,3.341338783502578735e-02,-2.888476133346557617e+00,6.129215471446514130e-03,-2.544572809711098671e-03,-5.279492214322090149e-02
1.788595768252625408e+18,1.788595758103111000e+15,-4.532574489712715149e-02,3.374890238046646118e-02,-2.889972686767578125e+00,6.198637653142213821e-03,-3.275923198089003563e-03,-5.200493335723876953e-02
1.788595768341869056e+18,1.788595758119111000e+15,-4.540663212537765503e-02,3.395115211606025696e-02,-2.890977621078491211e+00,6.267462391406297684e-03,-3.797615645453333855e-03,-5.150431022047996521e-02
1.788595768361299968e+18,1.788595758143111000e+15,-4.550285264849662781e-02,3.422037884593009949e-02,-2.892494678497314453e+00,6.381279323250055313e-03,-4.632003139704465866e-03,-5.082338303327560425e-02
1.788595768438018048e+18,1.788595758159111000e+15,-4.555613920092582703e-02,3.437290713191032410e-02,-2.893508434295654297e+00,6.507453974336385727e-03,-5.258685909211635590e-03,-5.023601651191711426e-02
1.788595768514518528e+18,1.788595758183111000e+15,-4.561755433678627014e-02,3.456268832087516785e-02,-2.895036935806274414e+00,6.782403681427240372e-03,-5.997363943606615067e-03,-4.944579303264617920e-02
1.788595768534354688e+18,1.788595758199111000e+15,-4.562390223145484924e-02,3.467245027422904968e-02,-2.896068572998046875e+00,6.908270996063947678e-03,-6.479934789240360260e-03,-4.883546009659767151e-02
1.788595768608095744e+18,1.788595758223111000e+15,-4.561022296547889709e-02,3.479493409395217896e-02,-2.897593975067138672e+00,7.186549715697765350e-03,-7.374143227934837341e-03,-4.796209558844566345e-02
1.788595768627493120e+18,1.788595758239111000e+15,-4.558127000927925110e-02,3.484421595931053162e-02,-2.898608684539794922e+00,7.432649843394756317e-03,-7.915649563074111938e-03,-4.733758792281150818e-02
1.788595768705052160e+18,1.788595758263111000e+15,-4.551472887396812439e-02,3.487422317266464233e-02,-2.900112867355346680e+00,7.712310180068016052e-03,-8.753255940973758698e-03,-4.654063656926155090e-02
1.788595768782561280e+18,1.788595758279111000e+15,-4.545855894684791565e-02,3.487009927630424500e-02,-2.901096582412719727e+00,7.915714755654335022e-03,-9.249215945601463318e-03,-4.591175168752670288e-02
1.788595768802164992e+18,1.788595758303111000e+15,-4.533927887678146362e-02,3.482782840728759766e-02,-2.902560472488403320e+00,8.295119740068912506e-03,-1.000921707600355148e-02,-4.495626688003540039e-02
1.788595768880033792e+18,1.788595758319111000e+15,-4.523624107241630554e-02,3.478091955184936523e-02,-2.903517723083496094e+00,8.472048677504062653e-03,-1.049232855439186096e-02,-4.442523419857025146e-02
1.788595768900455680e+18,1.788595758343111000e+15,-4.504420980811119080e-02,3.468441590666770935e-02,-2.904927253723144531e+00,8.934846147894859314e-03,-1.127132494002580643e-02,-4.355350136756896973e-02
1.788595768977492992e+18,1.788595758359111000e+15,-4.488145932555198669e-02,3.462783247232437134e-02,-2.905857324600219727e+00,9.242133237421512604e-03,-1.173323113471269608e-02,-4.302695393562316895e-02
1.788595769065134336e+18,1.788595758383111000e+15,-4.462032392621040344e-02,3.452087938785552979e-02,-2.907270431518554688e+00,9.713774546980857849e-03,-1.261962857097387314e-02,-4.221392795443534851e-02
1.788595769067934208e+18,1.788595758399111000e+15,-4.443177208304405212e-02,3.444198146462440491e-02,-2.908217906951904297e+00,9.871566668152809143e-03,-1.306028012186288834e-02,-4.154780507087707520e-02
1.788595769164142080e+18,1.788595758423111000e+15,-4.412335157394409180e-02,3.430707007646560669e-02,-2.909622669219970703e+00,1.029921323060989380e-02,-1.372971758246421814e-02,-4.068607836961746216e-02
1.788595769238017280e+18,1.788595758439111000e+15,-4.389023780822753906e-02,3.421271592378616333e-02,-2.910567522048950195e+00,1.056572794914245605e-02,-1.416610926389694214e-02,-4.015382006764411926e-02
1.788595769256595968e+18,1.788595758463111000e+15,-4.349808767437934875e-02,3.406520187854766846e-02,-2.911945104598999023e+00,1.094825193285942078e-02,-1.494370121508836746e-02,-3.944677487015724182e-02
1.788595769331316736e+18,1.788595758479111000e+15,-4.322007298469543457e-02,3.395517915487289429e-02,-2.912856101989746094e+00,1.121107768267393112e-02,-1.542279962450265884e-02,-3.887892141938209534e-02
1.788595769351647744e+18,1.788595758503111000e+15,-4.275178536772727966e-02,3.375788405537605286e-02,-2.914164543151855469e+00,1.162157207727432251e-02,-1.612610928714275360e-02,-3.809031099081039429e-02
1.788595769460204288e+18,1.788595758519111000e+15,-4.242538288235664368e-02,3.360937163233757019e-02,-2.915018320083618164e+00,1.199578400701284409e-02,-1.650048792362213135e-02,-3.761471062898635864e-02
1.788595769519507712e+18,1.788595758543111000e+15,-4.191143810749053955e-02,3.336356580257415771e-02,-2.916269302368164062e+00,1.261921692639589310e-02,-1.711706630885601044e-02,-3.672389686107635498e-02
1.788595769538506240e+18,1.788595758559111000e+15,-4.153488948941230774e-02,3.319169208407402039e-02,-2.917089939117431641e+00,1.295899227261543274e-02,-1.748232543468475342e-02,-3.617448732256889343e-02
1.788595769615902464e+18,1.788595758583111000e+15,-4.096935316920280457e-02,3.290917351841926575e-02,-2.918304920196533203e+00,1.342529244720935822e-02,-1.819450221955776215e-02,-3.530592843890190125e-02
1.788595769635463168e+18,1.788595758599111000e+15,-4.059433192014694214e-02,3.270328417420387268e-02,-2.919107437133789062e+00,1.372710708528757095e-02,-1.857204549014568329e-02,-3.470718860626220703e-02
1.788595769710153728e+18,1.788595758623111000e+15,-4.002391174435615540e-02,3.236513584852218628e-02,-2.920274019241333008e+00,1.418530941009521484e-02,-1.915236189961433411e-02,-3.383910655975341797e-02
1.788595769798354688e+18,1.788595758639111000e+15,-3.964237496256828308e-02,3.212316334247589111e-02,-2.921026706695556641e+00,1.435853261500597000e-02,-1.957080885767936707e-02,-3.329754248261451721e-02
1.788595769825526784e+18,1.788595758663111000e+15,-3.907674178481101990e-02,3.170093521475791931e-02,-2.922088623046875000e+00,1.463657338172197342e-02,-2.022825740277767181e-02,-3.253559395670890808e-02
1.788595769903784192e+18,1.788595758679111000e+15,-3.869854658842086792e-02,3.140859678387641907e-02,-2.922775506973266602e+00,1.482800394296646118e-02,-2.061326429247856140e-02,-3.202386945486068726e-02
1.788595769923038976e+18,1.788595758703111000e+15,-3.810412064194679260e-02,3.092350810766220093e-02,-2.923754215240478516e+00,1.515627652406692505e-02,-2.118005231022834778e-02,-3.134172409772872925e-02
1.788595770009231872e+18,1.788595758719111000e+15,-3.771145641803741455e-02,3.056840784847736359e-02,-2.924373865127563477e+00,1.533899269998073578e-02,-2.157780900597572327e-02,-3.078399971127510071e-02
1.788595770082684672e+18,1.788595758743111000e+15,-3.712877631187438965e-02,2.999054826796054840e-02,-2.925257682800292969e+00,1.557820104062557220e-02,-2.216757088899612427e-02,-3.018681704998016357e-02
1.788595770109674752e+18,1.788595758759111000e+15,-3.678002581000328064e-02,2.957395277917385101e-02,-2.925805568695068359e+00,1.568400487303733826e-02,-2.247530780732631683e-02,-2.981782145798206329e-02
1.788595770199451136e+18,1.788595758783111000e+15,-3.627150505781173706e-02,2.893242985010147095e-02,-2.926600694656372070e+00,1.575617864727973938e-02,-2.292216196656227112e-02,-2.917787618935108185e-02
1.788595770203808256e+18,1.788595758799111000e+15,-3.595183044672012329e-02,2.848531492054462433e-02,-2.927108049392700195e+00,1.583893597126007080e-02,-2.330228313803672791e-02,-2.881769090890884399e-02
1.788595770282189056e+18,1.788595758823111000e+15,-3.549752011895179749e-02,2.779873088002204895e-02,-2.927843809127807617e+00,1.585585623979568481e-02,-2.384734526276588440e-02,-2.830226905643939972e-02
1.788595770381712896e+18,1.788595758839111000e+15,-3.520347177982330322e-02,2.733357995748519897e-02,-2.928321599960327148e+00,1.582576520740985870e-02,-2.414348907768726349e-02,-2.794413268566131592e-02
1.788595770383378688e+18,1.788595758863111000e+15,-3.477377817034721375e-02,2.666411735117435455e-02,-2.929021120071411133e+00,1.573706418275833130e-02,-2.451757527887821198e-02,-2.744477987289428711e-02
1.788595770467603456e+18,1.788595758879111000e+15,-3.450395166873931885e-02,2.621540613472461700e-02,-2.929490566253662109e+00,1.560781989246606827e-02,-2.465002611279487610e-02,-2.729324810206890106e-02
1.788595770487500800e+18,1.788595758903111000e+15,-3.412159532308578491e-02,2.554056420922279358e-02,-2.930184602737426758e+00,1.542742922902107239e-02,-2.492748759686946869e-02,-2.692460268735885620e-02
1.788595770564242944e+18,1.788595758919111000e+15,-3.392431512475013733e-02,2.506618015468120575e-02,-2.930650472640991211e+00,1.532993000000715256e-02,-2.517011761665344238e-02,-2.656693942844867706e-02
1.788595770636531968e+18,1.788595758943111000e+15,-3.362714871764183044e-02,2.435222454369068146e-02,-2.931354284286499023e+00,1.496598217636346817e-02,-2.534983865916728973e-02,-2.621060423552989960e-02
1.788595770655635456e+18,1.788595758959111000e+15,-3.346955031156539917e-02,2.384678088128566742e-02,-2.931813716888427734e+00,1.470866333693265915e-02,-2.550620213150978088e-02,-2.596182562410831451e-02
1.788595770728540672e+18,1.788595758983111000e+15,-3.325317427515983582e-02,2.308240719139575958e-02,-2.932512521743774414e+00,1.440379023551940918e-02,-2.571715787053108215e-02,-2.565033547580242157e-02
1.788595770748258560e+18,1.788595758999111000e+15,-3.313657268881797791e-02,2.256515435874462128e-02,-2.932975769042968750e+00,1.413015555590391159e-02,-2.578540891408920288e-02,-2.535111643373966217e-02
1.788595770824007424e+18,1.788595759023111000e+15,-3.300186991691589355e-02,2.177546918392181396e-02,-2.933635473251342773e+00,1.358059514313936234e-02,-2.586019970476627350e-02,-2.498143352568149567e-02
1.788595770902488832e+18,1.788595759039111000e+15,-3.292439132928848267e-02,2.124619856476783752e-02,-2.934063673019409180e+00,1.320817694067955017e-02,-2.592479810118675232e-02,-2.484121359884738922e-02
1.788595770921214464e+18,1.788595759063111000e+15,-3.285538777709007263e-02,2.046161890029907227e-02,-2.934655904769897461e+00,1.268678717315196991e-02,-2.600265480577945709e-02,-2.444218471646308899e-02
1.788595771008478464e+18,1.788595759079111000e+15,-3.282758593559265137e-02,1.994295977056026459e-02,-2.935053586959838867e+00,1.229432132095098495e-02,-2.598484419286251068e-02,-2.421189844608306885e-02
1.788595771085978880e+18,1.788595759103111000e+15,-3.281281143426895142e-02,1.917286962270736694e-02,-2.935632228851318359e+00,1.160329300910234451e-02,-2.599057555198669434e-02,-2.379665151238441467e-02
1.788595771108708864e+18,1.788595759119111000e+15,-3.282652050256729126e-02,1.861577481031417847e-02,-2.936032295227050781e+00,1.114105805754661560e-02,-2.605925127863883972e-02,-2.356740087270736694e-02
1.788595771199638016e+18,1.788595759143111000e+15,-3.285564854741096497e-02,1.776698231697082520e-02,-2.936641454696655273e+00,1.058687735348939896e-02,-2.605889365077018738e-02,-2.332503721117973328e-02
1.788595771201540608e+18,1.788595759159111000e+15,-3.289016336202621460e-02,1.717928610742092133e-02,-2.937043190002441406e+00,1.013276446610689163e-02,-2.608757466077804565e-02,-2.317780815064907074e-02
1.788595771283906048e+18,1.788595759183111000e+15,-3.295769542455673218e-02,1.628672704100608826e-02,-2.937656402587890625e+00,9.651868604123592377e-03,-2.602640539407730103e-02,-2.295404486358165741e-02
1.788595771365422848e+18,1.788595759199111000e+15,-3.300496190786361694e-02,1.569369249045848846e-02,-2.938065052032470703e+00,9.253314696252346039e-03,-2.599820494651794434e-02,-2.272329293191432953e-02
1.788595771387464960e+18,1.788595759223111000e+15,-3.308815136551856995e-02,1.479385141283273697e-02,-2.938697814941406250e+00,8.728819899260997772e-03,-2.577110379934310913e-02,-2.255810610949993134e-02
1.788595771465906944e+18,1.788595759239111000e+15,-3.314439207315444946e-02,1.419675163924694061e-02,-2.939123392105102539e+00,8.380081504583358765e-03,-2.572275884449481964e-02,-2.244737558066844940e-02
1.788595771485484032e+18,1.788595759263111000e+15,-3.330107405781745911e-02,1.327859144657850266e-02,-2.939802408218383789e+00,7.770063355565071106e-03,-2.554908022284507751e-02,-2.238361164927482605e-02
1.788595771557955328e+18,1.788595759279111000e+15,-3.342998027801513672e-02,1.268706098198890686e-02,-2.940310001373291016e+00,7.363111712038516998e-03,-2.544831298291683197e-02,-2.225914411246776581e-02
1.788595771636680960e+18,1.788595759303111000e+15,-3.365799412131309509e-02,1.183149032294750214e-02,-2.941087245941162109e+00,6.733547896146774292e-03,-2.511066012084484100e-02,-2.211796678602695465e-02
1.788595771656689408e+18,1.788595759319111000e+15,-3.388160094618797302e-02,1.128290221095085144e-02,-2.941613912582397461e+00,6.187076680362224579e-03,-2.490255795419216156e-02,-2.195471338927745819e-02
1.788595771751072256e+18,1.788595759343111000e+15,-3.424144908785820007e-02,1.048082765191793442e-02,-2.942403078079223633e+00,5.705604795366525650e-03,-2.457416988909244537e-02,-2.179962582886219025e-02
1.788595771757564160e+18,1.788595759359111000e+15,-3.452295809984207153e-02,9.961422532796859741e-03,-2.942941904067993164e+00,5.312132649123668671e-03,-2.430863678455352783e-02,-2.172699011862277985e-02
1.788595771855186944e+18,1.788595759383111000e+15,-3.502666950225830078e-02,9.223012253642082214e-03,-2.943767309188842773e+00,4.727273713797330856e-03,-2.393286488950252533e-02,-2.146169170737266541e-02
1.788595771918044416e+18,1.788595759399111000e+15,-3.537969663739204407e-02,8.749499917030334473e-03,-2.944314479827880859e+00,4.345341585576534271e-03,-2.360279671847820282e-02,-2.134077996015548706e-02
1.788595771936078592e+18,1.788595759423111000e+15,-3.602455556392669678e-02,8.064269088208675385e-03,-2.945171117782592773e+00,3.765386529266834259e-03,-2.309448830783367157e-02,-2.113037370145320892e-02
1.788595772013443328e+18,1.788595759439111000e+15,-3.647676110267639160e-02,7.621500641107559204e-03,-2.945740222930908203e+00,3.281502285972237587e-03,-2.279335446655750275e-02,-2.098129503428936005e-02
1.788595772033407232e+18,1.788595759463111000e+15,-3.718514367938041687e-02,6.980079691857099533e-03,-2.946588754653930664e+00,2.651015995070338249e-03,-2.212408185005187988e-02,-2.066621556878089905e-02
1.788595772115307008e+18,1.788595759479111000e+15,-3.767537698149681091e-02,6.563774310052394867e-03,-2.947149276733398438e+00,2.173439832404255867e-03,-2.177148684859275818e-02,-2.044274844229221344e-02
1.788595772189995776e+18,1.788595759503111000e+15,-3.843524307012557983e-02,5.957407411187887192e-03,-2.947978734970092773e+00,1.563897822052240372e-03,-2.107560448348522186e-02,-2.002664655447006226e-02
1.788595772209172480e+18,1.788595759519111000e+15,-3.900087252259254456e-02,5.555511452257633209e-03,-2.948537111282348633e+00,1.152654527686536312e-03,-2.061998285353183746e-02,-1.973132789134979248e-02
1.788595772286125824e+18,1.788595759543111000e+15,-3.984428942203521729e-02,4.974931478500366211e-03,-2.949362993240356445e+00,5.740885389968752861e-04,-1.986408978700637817e-02,-1.928856596350669861e-02
1.788595772306181632e+18,1.788595759559111000e+15,-4.042293131351470947e-02,4.603353329002857208e-03,-2.949918985366821289e+00,2.147123013855889440e-04,-1.935405097901821136e-02,-1.906989328563213348e-02
1.788595772389732864e+18,1.788595759583111000e+15,-4.132270067930221558e-02,4.030225798487663269e-03,-2.950742244720458984e+00,-2.874489873647689819e-04,-1.878479495644569397e-02,-1.860604062676429749e-02
1.788595772490494208e+18,1.788595759599111000e+15,-4.191799089312553406e-02,3.649686463177204132e-03,-2.951276540756225586e+00,-6.465323967859148979e-04,-1.828324235975742340e-02,-1.831465214490890503e-02
1.788595772492766720e+18,1.788595759623111000e+15,-4.290926456451416016e-02,3.087766468524932861e-03,-2.952103376388549805e+00,-1.164368120953440666e-03,-1.760382764041423798e-02,-1.784105598926544189e-02
1.788595772592333312e+18,1.788595759639111000e+15,-4.356424137949943542e-02,2.727080602198839188e-03,-2.952643394470214844e+00,-1.365958480164408684e-03,-1.711306720972061157e-02,-1.745991595089435577e-02
1.788595772598612736e+18,1.788595759663111000e+15,-4.453590512275695801e-02,2.206544391810894012e-03,-2.953438043594360352e+00,-1.778384787030518055e-03,-1.640432141721248627e-02,-1.692837849259376526e-02
1.788595772692392448e+18,1.788595759679111000e+15,-4.519210010766983032e-02,1.856248010881245136e-03,-2.953983306884765625e+00,-2.012497279793024063e-03,-1.596166752278804779e-02,-1.665352471172809601e-02
1.788595772786877440e+18,1.788595759703111000e+15,-4.613997414708137512e-02,1.343606971204280853e-03,-2.954774379730224609e+00,-2.299693413078784943e-03,-1.533740945160388947e-02,-1.622944884002208710e-02
1.788595772787456000e+18,1.788595759719111000e+15,-4.675538092851638794e-02,1.004932099021971226e-03,-2.955286979675292969e+00,-2.521419897675514221e-03,-1.475823856890201569e-02,-1.588721200823783875e-02
1.788595772870485504e+18,1.788595759743111000e+15,-4.765268415212631226e-02,5.094548687338829041e-04,-2.956029176712036133e+00,-2.730468055233359337e-03,-1.406049542129039764e-02,-1.539673656225204468e-02
1.788595772948392960e+18,1.788595759759111000e+15,-4.824323579668998718e-02,1.797970326151698828e-04,-2.956510543823242188e+00,-2.832175698131322861e-03,-1.365773566067218781e-02,-1.502263825386762619e-02
1.788595772967650560e+18,1.788595759783111000e+15,-4.912709072232246399e-02,-3.329855098854750395e-04,-2.957253456115722656e+00,-2.946401946246623993e-03,-1.293657068163156509e-02,-1.456414069980382919e-02
1.788595773061999360e+18,1.788595759799111000e+15,-4.970132932066917419e-02,-6.730829481966793537e-04,-2.957742691040039062e+00,-3.003866178914904594e-03,-1.261029951274394989e-02,-1.422293391078710556e-02
1.788595773065104384e+18,1.788595759823111000e+15,-5.059584975242614746e-02,-1.200556522235274315e-03,-2.958487987518310547e+00,-3.056912682950496674e-03,-1.197263132780790329e-02,-1.370331179350614548e-02
1.788595773163107328e+18,1.788595759839111000e+15,-5.119304731488227844e-02,-1.537873060442507267e-03,-2.958964347839355469e+00,-3.139692358672618866e-03,-1.159880124032497406e-02,-1.324351597577333450e-02
1.788595773242224640e+18,1.788595759863111000e+15,-5.208827182650566101e-02,-2.023215405642986298e-03,-2.959649085998535156e+00,-3.162217326462268829e-03,-1.098943781107664108e-02,-1.269415393471717834e-02
1.788595773261516800e+18,1.788595759879111000e+15,-5.271150544285774231e-02,-2.299435902386903763e-03,-2.960115671157836914e+00,-3.123862203210592270e-03,-1.058245543390512466e-02,-1.227006874978542328e-02
1.788595773348939264e+18,1.788595759903111000e+15,-5.362640693783760071e-02,-2.669699722900986671e-03,-2.960768938064575195e+00,-2.996954135596752167e-03,-9.833374992012977600e-03,-1.176925376057624817e-02
1.788595773367399424e+18,1.788595759919111000e+15,-5.424375832080841064e-02,-2.873646793887019157e-03,-2.961198568344116211e+00,-2.925434848293662071e-03,-9.315917268395423889e-03,-1.142140291631221771e-02
1.788595773442776320e+18,1.788595759943111000e+15,-5.520517006516456604e-02,-3.116177627816796303e-03,-2.961837053298950195e+00,-2.794352127239108086e-03,-8.513611741364002228e-03,-1.086187176406383514e-02
1.788595773525109504e+18,1.788595759959111000e+15,-5.584057793021202087e-02,-3.251528600230813026e-03,-2.962234973907470703e+00,-2.826634328812360764e-03,-7.983636111021041870e-03,-1.050730794668197632e-02
1.788595773543242496e+18,1.788595759983111000e+15,-5.685107037425041199e-02,-3.421224653720855713e-03,-2.962787389755249023e+00,-2.687200903892517090e-03,-7.184062153100967407e-03,-1.005783583968877792e-02
1.788595773620705280e+18,1.788595759999111000e+15,-5.748609080910682678e-02,-3.522523911669850349e-03,-2.963135242462158203e+00,-2.509711775928735733e-03,-6.627625785768032074e-03,-9.694915264844894409e-03
1.788595773640471040e+18,1.788595760023111000e+15,-5.849799886345863342e-02,-3.647037548944354057e-03,-2.963650465011596680e+00,-2.421956043690443039e-03,-5.745978560298681259e-03,-9.131425991654396057e-03
1.788595773721653504e+18,1.788595760039111000e+15,-5.918984487652778625e-02,-3.716099308803677559e-03,-2.963986873626708984e+00,-2.354561351239681244e-03,-5.174639169126749039e-03,-8.879725821316242218e-03
1.788595773803171840e+18,1.788595760063111000e+15,-6.024812906980514526e-02,-3.799652447924017906e-03,-2.964482545852661133e+00,-2.194431144744157791e-03,-4.408244509249925613e-03,-8.577019907534122467e-03
1.788595773828627968e+18,1.788595760079111000e+15,-6.101023405790328979e-02,-3.862029174342751503e-03,-2.964818239212036133e+00,-2.094960073009133339e-03,-3.816985990852117538e-03,-8.259591646492481232e-03
1.788595773907021824e+18,1.788595760103111000e+15,-6.212791055440902710e-02,-3.930480685085058212e-03,-2.965304136276245117e+00,-2.026786329224705696e-03,-3.020235570147633553e-03,-7.915384136140346527e-03
1.788595773926603520e+18,1.788595760119111000e+15,-6.288269162178039551e-02,-3.955401480197906494e-03,-2.965625047683715820e+00,-2.026672940701246262e-03,-2.451200736686587334e-03,-7.704336661845445633e-03
1.788595774013544704e+18,1.788595760143111000e+15,-6.401705741882324219e-02,-3.950679209083318710e-03,-2.966121435165405273e+00,-1.796341035515069962e-03,-1.719326828606426716e-03,-7.396421860903501511e-03
1.788595774085742336e+18,1.788595760159111000e+15,-6.475144624710083008e-02,-3.927993588149547577e-03,-2.966446638107299805e+00,-1.611601677723228931e-03,-1.183483167551457882e-03,-7.156461011618375778e-03
1.788595774105374720e+18,1.788595760183111000e+15,-6.589610874652862549e-02,-3.843499813228845596e-03,-2.966993570327758789e+00,-1.279509626328945160e-03,-3.959129971917718649e-04,-6.901940796524286270e-03
1.788595774174786816e+18,1.788595760199111000e+15,-6.665133684873580933e-02,-3.762146225199103355e-03,-2.967362403869628906e+00,-1.103340997360646725e-03,1.068203710019588470e-04,-6.786900106817483902e-03
1.788595774194514176e+18,1.788595760223111000e+15,-6.777389347553253174e-02,-3.603974357247352600e-03,-2.967911005020141602e+00,-6.917916471138596535e-04,8.679149323143064976e-04,-6.653419695794582367e-03
1.788595774275440128e+18,1.788595760239111000e+15,-6.854023784399032593e-02,-3.476086305454373360e-03,-2.968294143676757812e+00,-5.184776964597404003e-04,1.385702635161578655e-03,-6.516303401440382004e-03
1.788595774355890944e+18,1.788595760263111000e+15,-6.961981952190399170e-02,-3.276112722232937813e-03,-2.968836545944213867e+00,-1.329447259195148945e-04,2.006557770073413849e-03,-6.257069297134876251e-03
1.788595774376375040e+18,1.788595760279111000e+15,-7.034545391798019409e-02,-3.157384227961301804e-03,-2.969229221343994141e+00,2.106972096953541040e-04,2.509949728846549988e-03,-6.067860871553421021e-03
1.788595774460341504e+18,1.788595760303111000e+15,-7.140249758958816528e-02,-2.974967239424586296e-03,-2.969798326492309570e+00,5.747348768636584282e-04,3.184872213751077652e-03,-5.820091348141431808e-03
1.788595774480187648e+18,1.788595760319111000e+15,-7.210744172334671021e-02,-2.856592647731304169e-03,-2.970176219940185547e+00,8.421040256507694721e-04,3.591052489355206490e-03,-5.689865443855524063e-03
1.788595774552972800e+18,1.788595760343111000e+15,-7.318056374788284302e-02,-2.729589585214853287e-03,-2.970743179321289062e+00,1.424308400601148605e-03,4.142424091696739197e-03,-5.287171807140111923e-03
1.788595774635528704e+18,1.788595760359111000e+15,-7.387698441743850708e-02,-2.654975280165672302e-03,-2.971108675003051758e+00,1.810208661481738091e-03,4.537480417639017105e-03,-5.071482155472040176e-03
1.788595774655653888e+18,1.788595760383111000e+15,-7.495090365409851074e-02,-2.583519788458943367e-03,-2.971626758575439453e+00,2.422382589429616928e-03,4.989406559616327286e-03,-4.810166545212268829e-03
1.788595774737005056e+18,1.788595760399111000e+15,-7.564844936132431030e-02,-2.549564931541681290e-03,-2.971942901611328125e+00,2.903470769524574280e-03,5.197225604206323624e-03,-4.616392776370048523e-03
1.788595774811822592e+18,1.788595760423111000e+15,-7.666686922311782837e-02,-2.516653854399919510e-03,-2.972396850585937500e+00,3.570796456187963486e-03,5.625054705888032913e-03,-4.105452913790941238e-03
1.788595774835535616e+18,1.788595760439111000e+15,-7.737579941749572754e-02,-2.501018345355987549e-03,-2.972695827484130859e+00,3.895589383319020271e-03,5.899914074689149857e-03,-3.878425108268857002e-03
1.788595774906453248e+18,1.788595760463111000e+15,-7.839693129062652588e-02,-2.471062820404767990e-03,-2.973100662231445312e+00,4.516443703323602676e-03,6.321329157799482346e-03,-3.449256997555494308e-03
1.788595774925934592e+18,1.788595760479111000e+15,-7.907137274742126465e-02,-2.455872017890214920e-03,-2.973328590393066406e+00,4.934833850711584091e-03,6.482843309640884399e-03,-3.225331427529454231e-03
1.788595775001811456e+18,1.788595760503111000e+15,-8.006301522254943848e-02,-2.431064145639538765e-03,-2.973616361618041992e+00,5.589445121586322784e-03,6.758573930710554123e-03,-2.896874444559216499e-03
1.788595775080153344e+18,1.788595760519111000e+15,-8.069089055061340332e-02,-2.408172935247421265e-03,-2.973786115646362305e+00,6.031269207596778870e-03,6.961445324122905731e-03,-2.721787430346012115e-03
1.788595775100058112e+18,1.788595760543111000e+15,-8.158513158559799194e-02,-2.392318332567811012e-03,-2.974002122879028320e+00,6.842875853180885315e-03,7.240679580718278885e-03,-2.444184385240077972e-03
1.788595775182488064e+18,1.788595760559111000e+15,-8.214023709297180176e-02,-2.381664002314209938e-03,-2.974127769470214844e+00,7.401089183986186981e-03,7.404102943837642670e-03,-2.282917965203523636e-03
1.788595775202472192e+18,1.788595760583111000e+15,-8.293156325817108154e-02,-2.401637379080057144e-03,-2.974264860153198242e+00,8.366792462766170502e-03,7.762943860143423080e-03,-1.981566427275538445e-03
1.788595775273688832e+18,1.788595760599111000e+15,-8.340885490179061890e-02,-2.423966769129037857e-03,-2.974334716796875000e+00,8.996522054076194763e-03,7.893684320151805878e-03,-1.887264661490917206e-03
1.788595775352344832e+18,1.788595760623111000e+15,-8.405195176601409912e-02,-2.470874227583408356e-03,-2.974416971206665039e+00,9.952556341886520386e-03,8.138251490890979767e-03,-1.701593399047851562e-03
1.788595775369549056e+18,1.788595760639111000e+15,-8.443693071603775024e-02,-2.550662728026509285e-03,-2.974457263946533203e+00,1.075725257396697998e-02,8.200695738196372986e-03,-1.620952039957046509e-03
1.788595775462437376e+18,1.788595760663111000e+15,-8.493491262197494507e-02,-2.675521187484264374e-03,-2.974505901336669922e+00,1.187747716903686523e-02,8.354386314749717712e-03,-1.493174931965768337e-03
1.788595775466155520e+18,1.788595760679111000e+15,-8.521220833063125610e-02,-2.782832365483045578e-03,-2.974540233612060547e+00,1.261091418564319611e-02,8.313444443047046661e-03,-1.530024572275578976e-03
1.788595775559245056e+18,1.788595760703111000e+15,-8.557179570198059082e-02,-2.985585480928421021e-03,-2.974569082260131836e+00,1.372368168085813522e-02,8.296573534607887268e-03,-1.530260895378887653e-03
1.788595775639963904e+18,1.788595760719111000e+15,-8.577078580856323242e-02,-3.124086884781718254e-03,-2.974575281143188477e+00,1.463219244033098221e-02,8.343898691236972809e-03,-1.566306105814874172e-03
1.788595775674038272e+18,1.788595760743111000e+15,-8.602324873208999634e-02,-3.396938322111964226e-03,-2.974536180496215820e+00,1.578666269779205322e-02,8.329295553267002106e-03,-1.547148800455033779e-03
1.788595775755776000e+18,1.788595760759111000e+15,-8.614592999219894409e-02,-3.591344458982348442e-03,-2.974515914916992188e+00,1.660864427685737610e-02,8.167364634573459625e-03,-1.545535982586443424e-03
1.788595775775260928e+18,1.788595760783111000e+15,-8.626537770032882690e-02,-3.898071357980370522e-03,-2.974472522735595703e+00,1.783782616257667542e-02,8.128130808472633362e-03,-1.647432218305766582e-03
1.788595775879909632e+18,1.788595760799111000e+15,-8.630552887916564941e-02,-4.114975221455097198e-03,-2.974440336227416992e+00,1.867316477000713348e-02,8.047160692512989044e-03,-1.615621731616556644e-03
1.788595775965770752e+18,1.788595760815111000e+15,-8.631374686956405640e-02,-4.348726011812686920e-03,-2.974412202835083008e+00,1.955584995448589325e-02,7.987464778125286102e-03,-1.766914501786231995e-03
1.788595775984673280e+18,1.788595760839111000e+15,-8.628211170434951782e-02,-4.722259473055601120e-03,-2.974365711212158203e+00,2.078169025480747223e-02,7.768140640109777451e-03,-1.892068190500140190e-03
1.788595776070408704e+18,1.788595760863111000e+15,-8.619607239961624146e-02,-5.106280092149972916e-03,-2.974342107772827148e+00,2.202873863279819489e-02,7.597455754876136780e-03,-2.002172870561480522e-03
1.788595776089687808e+18,1.788595760879111000e+15,-8.610419183969497681e-02,-5.371763836592435837e-03,-2.974357366561889648e+00,2.284690737724304199e-02,7.552678696811199188e-03,-2.063108375295996666e-03
1.788595776175449344e+18,1.788595760903111000e+15,-8.590514212846755981e-02,-5.790203809738159180e-03,-2.974391698837280273e+00,2.410436607897281647e-02,7.330067455768585205e-03,-2.234461484476923943e-03
1.788595776260864768e+18,1.788595760919111000e+15,-8.573792874813079834e-02,-6.063411012291908264e-03,-2.974426746368408203e+00,2.494755759835243225e-02,7.202040404081344604e-03,-2.395451301708817482e-03
1.788595776280910080e+18,1.788595760943111000e+15,-8.542057871818542480e-02,-6.521599832922220230e-03,-2.974507331848144531e+00,2.620835788547992706e-02,7.010908797383308411e-03,-2.678957302123308182e-03
1.788595776366424576e+18,1.788595760959111000e+15,-8.517459779977798462e-02,-6.830807775259017944e-03,-2.974567174911499023e+00,2.705285511910915375e-02,6.831770762801170349e-03,-2.749292179942131042e-03
1.788595776385162240e+18,1.788595760983111000e+15,-8.475693315267562866e-02,-7.296999916434288025e-03,-2.974702119827270508e+00,2.839294448494911194e-02,6.720150355249643326e-03,-2.871376462280750275e-03
1.788595776485495040e+18,1.788595760999111000e+15,-8.444787561893463135e-02,-7.599207106977701187e-03,-2.974825382232666016e+00,2.911049500107765198e-02,6.602514535188674927e-03,-2.984038554131984711e-03
1.788595776563938560e+18,1.788595761023111000e+15,-8.394018560647964478e-02,-8.028806187212467194e-03,-2.975022554397583008e+00,3.020865470170974731e-02,6.340680643916130066e-03,-3.051662584766745567e-03
1.788595776590521344e+18,1.788595761039111000e+15,-8.356904983520507812e-02,-8.304824121296405792e-03,-2.975173711776733398e+00,3.094778396189212799e-02,6.258513312786817551e-03,-3.113189013674855232e-03
1.788595776682108416e+18,1.788595761063111000e+15,-8.297808468341827393e-02,-8.692065253853797913e-03,-2.975399732589721680e+00,3.204427286982536316e-02,6.213130429387092590e-03,-3.230876056477427483e-03
1.788595776767837696e+18,1.788595761079111000e+15,-8.256155997514724731e-02,-8.937478996813297272e-03,-2.975580453872680664e+00,3.284879773855209351e-02,6.063262932002544403e-03,-3.273648908361792564e-03
1.788595776787613696e+18,1.788595761103111000e+15,-8.189583569765090942e-02,-9.292303584516048431e-03,-2.975833177566528320e+00,3.390141949057579041e-02,6.094706710427999496e-03,-3.424312453716993332e-03
1.788595776867400960e+18,1.788595761119111000e+15,-8.142676204442977905e-02,-9.513953700661659241e-03,-2.975981235504150391e+00,3.459300845861434937e-02,6.080071907490491867e-03,-3.450564807280898094e-03
1.788595776887265792e+18,1.788595761143111000e+15,-8.071584999561309814e-02,-9.815609082579612732e-03,-2.976140499114990234e+00,3.556063771247863770e-02,6.204490549862384796e-03,-3.541853278875350952e-03
1.788595776983229696e+18,1.788595761159111000e+15,-8.022537082433700562e-02,-1.000566314905881882e-02,-2.976240873336791992e+00,3.614587709307670593e-02,6.281709298491477966e-03,-3.541694954037666321e-03
1.788595777058278912e+18,1.788595761183111000e+15,-7.946508377790451050e-02,-1.027476415038108826e-02,-2.976396799087524414e+00,3.710342198610305786e-02,6.368844769895076752e-03,-3.522902028635144234e-03
1.788595777077446144e+18,1.788595761199111000e+15,-7.895009219646453857e-02,-1.048402115702629089e-02,-2.976503849029541016e+00,3.765895590186119080e-02,6.344047840684652328e-03,-3.494748147204518318e-03
1.788595777156325632e+18,1.788595761223111000e+15,-7.814622670412063599e-02,-1.080557331442832947e-02,-2.976658821105957031e+00,3.847290202975273132e-02,6.350595504045486450e-03,-3.504030872136354446e-03
1.788595777176055296e+18,1.788595761239111000e+15,-7.758790999650955200e-02,-1.104704849421977997e-02,-2.976758480072021484e+00,3.895472735166549683e-02,6.433098576962947845e-03,-3.552123205736279488e-03
1.788595777247127040e+18,1.788595761263111000e+15,-7.672338932752609253e-02,-1.143534760922193527e-02,-2.976909399032592773e+00,3.964279592037200928e-02,6.507157813757658005e-03,-3.538120770826935768e-03
1.788595777327217408e+18,1.788595761279111000e+15,-7.613243162631988525e-02,-1.168981567025184631e-02,-2.976993083953857422e+00,3.998199850320816040e-02,6.673119962215423584e-03,-3.489123890176415443e-03
1.788595777346299136e+18,1.788595761303111000e+15,-7.519563287496566772e-02,-1.207519695162773132e-02,-2.977134227752685547e+00,4.062951356172561646e-02,6.727242376655340195e-03,-3.461055690422654152e-03
1.788595777430712576e+18,1.788595761319111000e+15,-7.455794513225555420e-02,-1.230966020375490189e-02,-2.977223157882690430e+00,4.103735461831092834e-02,6.765062920749187469e-03,-3.449000651016831398e-03
1.788595777450203648e+18,1.788595761343111000e+15,-7.354142516851425171e-02,-1.271090004593133926e-02,-2.977354526519775391e+00,4.159506410360336304e-02,6.777128204703330994e-03,-3.440912580117583275e-03
1.788595777537139712e+18,1.788595761359111000e+15,-7.285498082637786865e-02,-1.298893056809902191e-02,-2.977444648742675781e+00,4.202209413051605225e-02,6.825142540037631989e-03,-3.434960497543215752e-03
1.788595777615138304e+18,1.788595761383111000e+15,-7.180991023778915405e-02,-1.341814268380403519e-02,-2.977578401565551758e+00,4.263097047805786133e-02,6.979454774409532547e-03,-3.311676206067204475e-03
1.788595777634169856e+18,1.788595761399111000e+15,-7.111150771379470825e-02,-1.377179659903049469e-02,-2.977660894393920898e+00,4.301138967275619507e-02,6.988470908254384995e-03,-3.296379698440432549e-03
1.788595777714588672e+18,1.788595761423111000e+15,-7.006204128265380859e-02,-1.430767588317394257e-02,-2.977797985076904297e+00,4.340745508670806885e-02,6.916815415024757385e-03,-3.253435017541050911e-03
1.788595777734946304e+18,1.788595761439111000e+15,-6.936686486005783081e-02,-1.469966955482959747e-02,-2.977909803390502930e+00,4.366417601704597473e-02,6.836901418864727020e-03,-3.292568260803818703e-03
1.788595777819929088e+18,1.788595761463111000e+15,-6.833065301179885864e-02,-1.531566400080919266e-02,-2.978091955184936523e+00,4.406240209937095642e-02,6.778792943805456161e-03,-3.363432595506310463e-03
1.788595777891112192e+18,1.788595761479111000e+15,-6.763873249292373657e-02,-1.572044752538204193e-02,-2.978280782699584961e+00,4.426239058375358582e-02,6.677107885479927063e-03,-3.434490878134965897e-03
1.788595777910923520e+18,1.788595761503111000e+15,-6.664136052131652832e-02,-1.635625585913658142e-02,-2.978578805923461914e+00,4.440521448850631714e-02,6.655507255345582962e-03,-3.568155691027641296e-03
1.788595777991637504e+18,1.788595761519111000e+15,-6.598290801048278809e-02,-1.676395162940025330e-02,-2.978787422180175781e+00,4.452988132834434509e-02,6.691587157547473907e-03,-3.562501398846507072e-03
1.788595778012335104e+18,1.788595761543111000e+15,-6.500487029552459717e-02,-1.735197752714157104e-02,-2.979112625122070312e+00,4.465084522962570190e-02,6.696752272546291351e-03,-3.532134694978594780e-03
1.788595778088517120e+18,1.788595761559111000e+15,-6.437040120363235474e-02,-1.775540038943290710e-02,-2.979323863983154297e+00,4.456693306565284729e-02,6.639438681304454803e-03,-3.435863414779305458e-03
1.788595778168430592e+18,1.788595761583111000e+15,-6.340745836496353149e-02,-1.831773668527603149e-02,-2.979623079299926758e+00,4.454229027032852173e-02,6.676096469163894653e-03,-3.437729785218834877e-03
1.788595778188287744e+18,1.788595761599111000e+15,-6.277196109294891357e-02,-1.870377175509929657e-02,-2.979815721511840820e+00,4.439043253660202026e-02,6.707912776619195938e-03,-3.398614469915628433e-03
1.788595778276219392e+18,1.788595761623111000e+15,-6.180455908179283142e-02,-1.925360225141048431e-02,-2.980085372924804688e+00,4.428118467330932617e-02,6.937191355973482132e-03,-3.191775875166058540e-03
1.788595778286507264e+18,1.788595761639111000e+15,-6.114522740244865417e-02,-1.961040310561656952e-02,-2.980252981185913086e+00,4.412223398685455322e-02,7.076097652316093445e-03,-3.138197120279073715e-03
1.788595778373506816e+18,1.788595761663111000e+15,-6.015728414058685303e-02,-2.010249532759189606e-02,-2.980475187301635742e+00,4.391505196690559387e-02,7.275276817381381989e-03,-2.966416068375110626e-03
1.788595778448221440e+18,1.788595761679111000e+15,-5.949755385518074036e-02,-2.040153369307518005e-02,-2.980610847473144531e+00,4.378997161984443665e-02,7.510499097406864166e-03,-2.855831990018486977e-03
1.788595778468168192e+18,1.788595761703111000e+15,-5.846837908029556274e-02,-2.081266976892948151e-02,-2.980793714523315430e+00,4.347793012857437134e-02,7.839013822376728058e-03,-2.887520706281065941e-03
1.788595778561434368e+18,1.788595761719111000e+15,-5.776660516858100891e-02,-2.106468379497528076e-02,-2.980911731719970703e+00,4.318182915449142456e-02,8.109018206596374512e-03,-2.829024568200111389e-03
1.788595778633437184e+18,1.788595761743111000e+15,-5.669352784752845764e-02,-2.141010947525501251e-02,-2.981079578399658203e+00,4.284845292568206787e-02,8.504822850227355957e-03,-2.662972779944539070e-03
1.788595778651948288e+18,1.788595761759111000e+15,-5.593281611800193787e-02,-2.163525111973285675e-02,-2.981191158294677734e+00,4.264869540929794312e-02,8.796019479632377625e-03,-2.632915973663330078e-03
1.788595778752622336e+18,1.788595761783111000e+15,-5.477450415492057800e-02,-2.195441536605358124e-02,-2.981374740600585938e+00,4.248584061861038208e-02,9.196056053042411804e-03,-2.521326532587409019e-03
1.788595778753481472e+18,1.788595761799111000e+15,-5.397567525506019592e-02,-2.217112481594085693e-02,-2.981498479843139648e+00,4.230005294084548950e-02,9.412712417542934418e-03,-2.501577604562044144e-03
1.788595778841493504e+18,1.788595761823111000e+15,-5.273326858878135681e-02,-2.250117436051368713e-02,-2.981688976287841797e+00,4.206467419862747192e-02,9.908416308462619781e-03,-2.314953599125146866e-03
1.788595778925202176e+18,1.788595761839111000e+15,-5.189535766839981079e-02,-2.270763367414474487e-02,-2.981822252273559570e+00,4.198983684182167053e-02,1.014463603496551514e-02,-2.304016612470149994e-03
1.788595778943740672e+18,1.788595761863111000e+15,-5.060698837041854858e-02,-2.299283258616924286e-02,-2.982024431228637695e+00,4.166259989142417908e-02,1.059255935251712799e-02,-2.199005335569381714e-03
1.788595779027259904e+18,1.788595761879111000e+15,-4.974438995122909546e-02,-2.316072583198547363e-02,-2.982176065444946289e+00,4.148619621992111206e-02,1.085131894797086716e-02,-2.160538686439394951e-03
1.788595779046299392e+18,1.788595761903111000e+15,-4.836804047226905823e-02,-2.341047301888465881e-02,-2.982426643371582031e+00,4.128367826342582703e-02,1.139327324926853180e-02,-2.197147114202380180e-03
1.788595779134289408e+18,1.788595761919111000e+15,-4.742019250988960266e-02,-2.355616912245750427e-02,-2.982611417770385742e+00,4.119838774204254150e-02,1.172124408185482025e-02,-2.141339471563696861e-03
1.788595779229354496e+18,1.788595761943111000e+15,-4.595662653446197510e-02,-2.374521270394325256e-02,-2.982911109924316406e+00,4.093920066952705383e-02,1.222645677626132965e-02,-2.187389647588133812e-03
1.788595779249136128e+18,1.788595761959111000e+15,-4.490690305829048157e-02,-2.385836094617843628e-02,-2.983116149902343750e+00,4.083668813109397888e-02,1.255955640226602554e-02,-2.256456762552261353e-03
1.788595779330817024e+18,1.788595761983111000e+15,-4.332982748746871948e-02,-2.398815006017684937e-02,-2.983448743820190430e+00,4.052956029772758484e-02,1.312599610537290573e-02,-2.241448732092976570e-03
1.788595779350770176e+18,1.788595761999111000e+15,-4.225428402423858643e-02,-2.404659055173397064e-02,-2.983674287796020508e+00,4.035643115639686584e-02,1.350249629467725754e-02,-2.175670582801103592e-03
1.788595779453208576e+18,1.788595762023111000e+15,-4.058345407247543335e-02,-2.408104017376899719e-02,-2.984013557434082031e+00,4.025443270802497864e-02,1.407509390264749527e-02,-1.961631001904606819e-03
1.788595779532895744e+18,1.788595762039111000e+15,-3.946560993790626526e-02,-2.407514117658138275e-02,-2.984228849411010742e+00,4.006316885352134705e-02,1.447817403823137283e-02,-1.965251518413424492e-03
1.788595779556820736e+18,1.788595762063111000e+15,-3.768621385097503662e-02,-2.401326783001422882e-02,-2.984573841094970703e+00,3.982485458254814148e-02,1.503387093544006348e-02,-1.854955917224287987e-03
1.788595779656707584e+18,1.788595762079111000e+15,-3.649403154850006104e-02,-2.395415864884853363e-02,-2.984805107116699219e+00,3.971917554736137390e-02,1.547880750149488449e-02,-1.697154249995946884e-03
1.788595779660840704e+18,1.788595762103111000e+15,-3.469872847199440002e-02,-2.383890748023986816e-02,-2.985128402709960938e+00,3.949862718582153320e-02,1.609903387725353241e-02,-1.555012073367834091e-03
1.788595779748033024e+18,1.788595762119111000e+15,-3.350624814629554749e-02,-2.373602613806724548e-02,-2.985315799713134766e+00,3.925371915102005005e-02,1.664238795638084412e-02,-1.392517937347292900e-03
1.788595779848304384e+18,1.788595762143111000e+15,-3.172387927770614624e-02,-2.354343049228191376e-02,-2.985554933547973633e+00,3.900470212101936340e-02,1.725498586893081665e-02,-1.103734015487134457e-03
1.788595779868111616e+18,1.788595762159111000e+15,-3.050973452627658844e-02,-2.339799329638481140e-02,-2.985703706741333008e+00,3.877698630094528198e-02,1.769289560616016388e-02,-9.830666240304708481e-04
1.788595779951774720e+18,1.788595762183111000e+15,-2.871692366898059845e-02,-2.315972372889518738e-02,-2.985890865325927734e+00,3.836654126644134521e-02,1.825821772217750549e-02,-6.929356604814529419e-04
1.788595779970342656e+18,1.788595762199111000e+15,-2.752588875591754913e-02,-2.299320325255393982e-02,-2.985993146896362305e+00,3.816701844334602356e-02,1.863811723887920380e-02,-4.589756426867097616e-04
1.788595780053865472e+18,1.788595762223111000e+15,-2.575623802840709686e-02,-2.272729575634002686e-02,-2.986119270324707031e+00,3.765254095196723938e-02,1.928852871060371399e-02,-1.992934703594073653e-04
1.788595780131855360e+18,1.788595762239111000e+15,-2.460001036524772644e-02,-2.253481931984424591e-02,-2.986196041107177734e+00,3.732485696673393250e-02,1.972778141498565674e-02,-4.901220017927698791e-05
1.788595780151491840e+18,1.788595762263111000e+15,-2.286138199269771576e-02,-2.222628518939018250e-02,-2.986326217651367188e+00,3.675092011690139771e-02,2.031222917139530182e-02,2.636188000906258821e-04
1.788595780255122432e+18,1.788595762279111000e+15,-2.171532809734344482e-02,-2.201949432492256165e-02,-2.986414432525634766e+00,3.641461953520774841e-02,2.074192278087139130e-02,3.181578358635306358e-04
1.788595780263387904e+18,1.788595762303111000e+15,-2.001646719872951508e-02,-2.170555107295513153e-02,-2.986557483673095703e+00,3.578823059797286987e-02,2.131304517388343811e-02,4.134046903345733881e-04
1.788595780359339520e+18,1.788595762319111000e+15,-1.890194416046142578e-02,-2.150553278625011444e-02,-2.986690998077392578e+00,3.531504422426223755e-02,2.166305854916572571e-02,5.250033573247492313e-04
1.788595780453011968e+18,1.788595762343111000e+15,-1.727586612105369568e-02,-2.119986526668071747e-02,-2.986898899078369141e+00,3.449891507625579834e-02,2.220303192734718323e-02,4.774778208229690790e-04
1.788595780453836032e+18,1.788595762359111000e+15,-1.621558889746665955e-02,-2.100709266960620880e-02,-2.987048864364624023e+00,3.394714370369911194e-02,2.246689610183238983e-02,4.990260349586606026e-04
1.788595780534346240e+18,1.788595762383111000e+15,-1.467364933341741562e-02,-2.072978392243385315e-02,-2.987301826477050781e+00,3.291455283761024475e-02,2.291012555360794067e-02,5.708796088583767414e-04
1.788595780613141504e+18,1.788595762399111000e+15,-1.367281842976808548e-02,-2.057727240025997162e-02,-2.987502813339233398e+00,3.224029392004013062e-02,2.319021895527839661e-02,6.861038855277001858e-04
1.788595780638095616e+18,1.788595762423111000e+15,-1.219209656119346619e-02,-2.037910930812358856e-02,-2.987809181213378906e+00,3.124790266156196594e-02,2.350266464054584503e-02,8.057627128437161446e-04
1.788595780735308032e+18,1.788595762439111000e+15,-1.123053953051567078e-02,-2.024660632014274597e-02,-2.987983465194702148e+00,3.057608008384704590e-02,2.364903129637241364e-02,9.491844684816896915e-04
1.788595780735985664e+18,1.788595762463111000e+15,-9.755831211805343628e-03,-2.014172263443470001e-02,-2.988313198089599609e+00,2.954996004700660706e-02,2.384358830749988556e-02,1.176847377792000771e-03
1.788595780835759104e+18,1.788595762479111000e+15,-8.772364817559719086e-03,-2.008556574583053589e-02,-2.988548040390014648e+00,2.890267223119735718e-02,2.396580949425697327e-02,1.294619985856115818e-03
1.788595780907060224e+18,1.788595762503111000e+15,-7.300343364477157593e-03,-2.002077549695968628e-02,-2.988913059234619141e+00,2.780857309699058533e-02,2.393224462866783142e-02,1.349116908386349678e-03
1.788595780930273792e+18,1.788595762519111000e+15,-6.321612745523452759e-03,-2.001769468188285828e-02,-2.989211559295654297e+00,2.718237787485122681e-02,2.384421043097972870e-02,1.371394377201795578e-03
1.788595781027306240e+18,1.788595762543111000e+15,-4.910243675112724304e-03,-2.000579051673412323e-02,-2.989663124084472656e+00,2.606841549277305603e-02,2.377682738006114960e-02,1.532152644358575344e-03
1.788595781035563776e+18,1.788595762559111000e+15,-4.007352516055107117e-03,-2.000698819756507874e-02,-2.989960908889770508e+00,2.527166716754436493e-02,2.372741140425205231e-02,1.697646104730665684e-03
1.788595781120471552e+18,1.788595762583111000e+15,-2.717792056500911713e-03,-2.001123689115047455e-02,-2.990432024002075195e+00,2.395239844918251038e-02,2.367727458477020264e-02,1.913742162287235260e-03
1.788595781190063104e+18,1.788595762607111000e+15,-1.516211777925491333e-03,-2.002102695405483246e-02,-2.990905523300170898e+00,2.256563864648342133e-02,2.358301915228366852e-02,2.062685554847121239e-03
1.788595781208080128e+18,1.788595762623111000e+15,-7.765006739646196365e-04,-2.003966458141803741e-02,-2.991215944290161133e+00,2.158556506037712097e-02,2.347237803041934967e-02,2.152458531782031059e-03
1.788595781311042048e+18,1.788595762639111000e+15,-6.724555714754387736e-05,-2.004126086831092834e-02,-2.991502046585083008e+00,2.057352289557456970e-02,2.333640865981578827e-02,2.340524224564433098e-03
1.788595781314900736e+18,1.788595762663111000e+15,9.368257597088813782e-04,-2.008871361613273621e-02,-2.991941213607788086e+00,1.909000985324382782e-02,2.315896004438400269e-02,2.575197257101535797e-03
1.788595781408175616e+18,1.788595762679111000e+15,1.565118902362883091e-03,-2.011411637067794800e-02,-2.992223501205444336e+00,1.811188645660877228e-02,2.307097427546977997e-02,2.817792352288961411e-03
1.788595781495998464e+18,1.788595762703111000e+15,2.445982303470373154e-03,-2.014282718300819397e-02,-2.992638826370239258e+00,1.665056683123111725e-02,2.284943312406539917e-02,3.106633201241493225e-03
1.788595781520700928e+18,1.788595762719111000e+15,3.007892519235610962e-03,-2.018158510327339172e-02,-2.992920398712158203e+00,1.560006756335496902e-02,2.276946417987346649e-02,3.318924456834793091e-03
1.788595781619012352e+18,1.788595762743111000e+15,3.807942150160670280e-03,-2.022536285221576691e-02,-2.993325233459472656e+00,1.404923852533102036e-02,2.257982268929481506e-02,3.649264574050903320e-03
1.788595781625396736e+18,1.788595762759111000e+15,4.319455940276384354e-03,-2.025678195059299469e-02,-2.993592023849487305e+00,1.307620760053396225e-02,2.242465503513813019e-02,3.894537454470992088e-03
1.788595781714590464e+18,1.788595762783111000e+15,5.052753724157810211e-03,-2.032379806041717529e-02,-2.994013071060180664e+00,1.163137704133987427e-02,2.215532213449478149e-02,4.209004808217287064e-03
1.788595781794407424e+18,1.788595762799111000e+15,5.513685289770364761e-03,-2.036521397531032562e-02,-2.994285583496093750e+00,1.068210788071155548e-02,2.194924093782901764e-02,4.523149225860834122e-03
1.788595781813708288e+18,1.788595762823111000e+15,6.206181365996599197e-03,-2.046745643019676208e-02,-2.994727849960327148e+00,9.247267618775367737e-03,2.171030640602111816e-02,4.819525405764579773e-03
1.788595781912391680e+18,1.788595762839111000e+15,6.647980771958827972e-03,-2.054506167769432068e-02,-2.995044469833374023e+00,8.305640891194343567e-03,2.158284001052379608e-02,5.007618106901645660e-03
1.788595781913757696e+18,1.788595762863111000e+15,7.278965786099433899e-03,-2.067337185144424438e-02,-2.995492219924926758e+00,6.749481894075870514e-03,2.136624976992607117e-02,5.325437523424625397e-03
1.788595782016742144e+18,1.788595762879111000e+15,7.685393095016479492e-03,-2.077936753630638123e-02,-2.995770454406738281e+00,5.880917422473430634e-03,2.123069949448108673e-02,5.545372143387794495e-03
1.788595782090119424e+18,1.788595762903111000e+15,8.247327059507369995e-03,-2.090196125209331512e-02,-2.996144771575927734e+00,4.471779800951480865e-03,2.097153104841709137e-02,5.914951208978891373e-03
1.788595782109804288e+18,1.788595762919111000e+15,8.612862788140773773e-03,-2.100678160786628723e-02,-2.996346235275268555e+00,3.628868144005537033e-03,2.089023031294345856e-02,6.116603501141071320e-03
1.788595782203886848e+18,1.788595762943111000e+15,9.123455733060836792e-03,-2.114489488303661346e-02,-2.996607542037963867e+00,2.294270554557442665e-03,2.076292224228382111e-02,6.564931478351354599e-03
1.788595782215375872e+18,1.788595762959111000e+15,9.444964118301868439e-03,-2.123724855482578278e-02,-2.996753215789794922e+00,1.476074103266000748e-03,2.053283900022506714e-02,6.809841841459274292e-03
1.788595782290160128e+18,1.788595762983111000e+15,9.891307912766933441e-03,-2.137357182800769806e-02,-2.996916294097900391e+00,1.612156047485768795e-04,2.039706334471702576e-02,7.191813550889492035e-03
1.788595782382030848e+18,1.788595762999111000e+15,1.016253232955932617e-02,-2.144813723862171173e-02,-2.996997117996215820e+00,-6.421081488952040672e-04,2.049109712243080139e-02,7.495282683521509171e-03
1.788595782401132800e+18,1.788595763023111000e+15,1.059337612241506577e-02,-2.160707674920558929e-02,-2.997068643569946289e+00,-1.894922461360692978e-03,2.053566090762615204e-02,7.991103455424308777e-03
1.788595782477452544e+18,1.788595763039111000e+15,1.087095122784376144e-02,-2.169978618621826172e-02,-2.997090101242065430e+00,-2.638007281348109245e-03,2.055122330784797668e-02,8.296070620417594910e-03
1.788595782559252480e+18,1.788595763063111000e+15,1.127123553305864334e-02,-2.181921899318695068e-02,-2.997094631195068359e+00,-3.837405471131205559e-03,2.053968608379364014e-02,8.481986820697784424e-03
1.788595782578497024e+18,1.788595763079111000e+15,1.151165086776018143e-02,-2.190737612545490265e-02,-2.997133493423461914e+00,-4.685149062424898148e-03,2.064947783946990967e-02,8.519435301423072815e-03
1.788595782658130432e+18,1.788595763103111000e+15,1.183441653847694397e-02,-2.201946452260017395e-02,-2.997176885604858398e+00,-5.922378040850162506e-03,2.077774703502655029e-02,8.682200685143470764e-03
1.788595782678255616e+18,1.788595763119111000e+15,1.202519051730632782e-02,-2.209256030619144440e-02,-2.997197151184082031e+00,-6.702640559524297714e-03,2.084253542125225067e-02,8.781613782048225403e-03
1.788595782780113408e+18,1.788595763143111000e+15,1.227092184126377106e-02,-2.216972410678863525e-02,-2.997228622436523438e+00,-7.828699424862861633e-03,2.092310227453708649e-02,8.727064356207847595e-03
1.788595782854680576e+18,1.788595763159111000e+15,1.240982487797737122e-02,-2.219835296273231506e-02,-2.997246026992797852e+00,-8.609043434262275696e-03,2.102369442582130432e-02,8.762472309172153473e-03
1.788595782874156800e+18,1.788595763183111000e+15,1.255055051296949387e-02,-2.221620082855224609e-02,-2.997243165969848633e+00,-9.822757914662361145e-03,2.118106745183467865e-02,9.039220400154590607e-03
1.788595782951777280e+18,1.788595763199111000e+15,1.260904874652624130e-02,-2.220606990158557892e-02,-2.997225761413574219e+00,-1.063747890293598175e-02,2.132209204137325287e-02,9.048204869031906128e-03
1.788595782971541248e+18,1.788595763223111000e+15,1.262418180704116821e-02,-2.217748761177062988e-02,-2.997167587280273438e+00,-1.192865148186683655e-02,2.149740979075431824e-02,9.188973344862461090e-03
1.788595783050121216e+18,1.788595763239111000e+15,1.261056493967771530e-02,-2.215347252786159515e-02,-2.997107982635498047e+00,-1.269388664513826370e-02,2.154752239584922791e-02,9.259553626179695129e-03
1.788595783126350080e+18,1.788595763263111000e+15,1.255528908222913742e-02,-2.210767380893230438e-02,-2.997005701065063477e+00,-1.381192728877067566e-02,2.181347832083702087e-02,9.230664931237697601e-03
1.788595783146469120e+18,1.788595763279111000e+15,1.252468954771757126e-02,-2.211975120007991791e-02,-2.996943950653076172e+00,-1.463909726589918137e-02,2.195480652153491974e-02,9.295434691011905670e-03
1.788595783220155392e+18,1.788595763303111000e+15,1.246905606240034103e-02,-2.212736196815967560e-02,-2.996832847595214844e+00,-1.576128974556922913e-02,2.221505343914031982e-02,9.284067898988723755e-03
1.788595783239771904e+18,1.788595763319111000e+15,1.244149822741746902e-02,-2.214384824037551880e-02,-2.996741294860839844e+00,-1.645908877253532410e-02,2.239168621599674225e-02,9.293467737734317780e-03
1.788595783315286016e+18,1.788595763343111000e+15,1.240989193320274353e-02,-2.214710228145122528e-02,-2.996576547622680664e+00,-1.752482354640960693e-02,2.234350331127643585e-02,9.220037609338760376e-03
1.788595783387376128e+18,1.788595763359111000e+15,1.237861160188913345e-02,-2.213030867278575897e-02,-2.996456384658813477e+00,-1.818349584937095642e-02,2.238378860056400299e-02,9.202907793223857880e-03
1.788595783408619520e+18,1.788595763383111000e+15,1.231641229242086411e-02,-2.210780233144760132e-02,-2.996242284774780273e+00,-1.924056001007556915e-02,2.239240705966949463e-02,9.122466668486595154e-03
1.788595783494132992e+18,1.788595763399111000e+15,1.227413211017847061e-02,-2.208627201616764069e-02,-2.996098041534423828e+00,-1.998414658010005951e-02,2.239160239696502686e-02,9.074534289538860321e-03
1.788595783513464576e+18,1.788595763423111000e+15,1.220679283142089844e-02,-2.204223722219467163e-02,-2.995876312255859375e+00,-2.096159756183624268e-02,2.248250134289264679e-02,9.075564332306385040e-03
1.788595783588586240e+18,1.788595763439111000e+15,1.215982530266046524e-02,-2.199932374060153961e-02,-2.995728969573974609e+00,-2.156229130923748016e-02,2.254830300807952881e-02,9.025801904499530792e-03
1.788595783671854592e+18,1.788595763463111000e+15,1.208299491554498672e-02,-2.191298082470893860e-02,-2.995511770248413086e+00,-2.239380404353141785e-02,2.260019257664680481e-02,8.890754543244838715e-03
1.788595783691966720e+18,1.788595763479111000e+15,1.201974134892225266e-02,-2.184529975056648254e-02,-2.995386362075805664e+00,-2.286829054355621338e-02,2.269848063588142395e-02,8.784927427768707275e-03
1.788595783777230592e+18,1.788595763503111000e+15,1.188728027045726776e-02,-2.172724530100822449e-02,-2.995198488235473633e+00,-2.372483164072036743e-02,2.278913930058479309e-02,8.628196083009243011e-03
1.788595783797073408e+18,1.788595763519111000e+15,1.177507545799016953e-02,-2.164683490991592407e-02,-2.995058298110961914e+00,-2.427659370005130768e-02,2.294065058231353760e-02,8.554785512387752533e-03
1.788595783873685760e+18,1.788595763543111000e+15,1.158299017697572708e-02,-2.151575312018394470e-02,-2.994849205017089844e+00,-2.509606629610061646e-02,2.307170256972312927e-02,8.382334373891353607e-03
1.788595783953297152e+18,1.788595763559111000e+15,1.143395900726318359e-02,-2.141527831554412842e-02,-2.994718790054321289e+00,-2.565536648035049438e-02,2.306297048926353455e-02,8.178109303116798401e-03
1.788595783972418816e+18,1.788595763583111000e+15,1.119153760373592377e-02,-2.126280590891838074e-02,-2.994569301605224609e+00,-2.645299397408962250e-02,2.314300462603569031e-02,7.859537377953529358e-03
1.788595784059312896e+18,1.788595763599111000e+15,1.103318575769662857e-02,-2.114613912999629974e-02,-2.994485616683959961e+00,-2.694552950561046600e-02,2.317851036787033081e-02,7.605749648064374924e-03
1.788595784078896640e+18,1.788595784073695000e+15,1.079974975436925888e-02,-2.094951644539833069e-02,-2.994364261627197266e+00,-2.761274948716163635e-02,2.323815040290355682e-02,7.052708417177200317e-03
1.788595784162166784e+18,1.788595784121816000e+15,1.066636666655540466e-02,-2.078738622367382050e-02,-2.994302511215209961e+00,-2.806560508906841278e-02,2.338519878685474396e-02,6.825623102486133575e-03
1.788595784243808000e+18,1.788595784181186000e+15,1.045782119035720825e-02,-2.051958255469799042e-02,-2.994236230850219727e+00,-2.859839983284473419e-02,2.341960370540618896e-02,6.410066969692707062e-03
1.788595784263096320e+18,1.788595784248534000e+15,1.033072173595428467e-02,-2.032336778938770294e-02,-2.994189262390136719e+00,-2.903330512344837189e-02,2.352619543671607971e-02,6.322287023067474365e-03
1.788595784363490048e+18,1.788595784326420000e+15,1.011595781892538071e-02,-1.998742483556270599e-02,-2.994131803512573242e+00,-2.952446974813938141e-02,2.368510328233242035e-02,6.195876747369766235e-03
1.788595784434742784e+18,1.788595784395214000e+15,9.888339787721633911e-03,-1.959336362779140472e-02,-2.994102478027343750e+00,-2.999247796833515167e-02,2.376893348991870880e-02,7.546783890575170517e-03
1.788595784450362624e+18,1.788595784457414000e+15,9.770283475518226624e-03,-1.928526535630226135e-02,-2.994058132171630859e+00,-3.018969483673572540e-02,2.388290129601955414e-02,1.013873238116502762e-02
1.788595784530059264e+18,1.788595784505098000e+15,9.632019326090812683e-03,-1.896945014595985413e-02,-2.993954896926879883e+00,-3.044927306473255157e-02,2.402997203171253204e-02,1.420202199369668961e-02
1.788595784549030400e+18,1.788595784566039000e+15,9.440132416784763336e-03,-1.842650771141052246e-02,-2.993610858917236328e+00,-3.070281445980072021e-02,2.426023967564105988e-02,2.341324836015701294e-02
1.788595784645568000e+18,1.788595784619149000e+15,9.317598305642604828e-03,-1.806164905428886414e-02,-2.993209838867187500e+00,-3.081236220896244049e-02,2.439867332577705383e-02,3.161238878965377808e-02
1.788595784717006336e+18,1.788595784678688000e+15,9.140040725469589233e-03,-1.750777103006839752e-02,-2.992299079895019531e+00,-3.098461218178272247e-02,2.464303001761436462e-02,4.676429554820060730e-02
1.788595784736750848e+18,1.788595784736387000e+15,9.024868719279766083e-03,-1.712701469659805298e-02,-2.991400003433227539e+00,-3.101518005132675171e-02,2.472914382815361023e-02,5.884252488613128662e-02
1.788595784818618880e+18,1.788595784797671000e+15,8.844951167702674866e-03,-1.654416136443614960e-02,-2.989635467529296875e+00,-3.104712814092636108e-02,2.471868321299552917e-02,7.954757660627365112e-02
1.788595784838223360e+18,1.788595784849017000e+15,8.736276067793369293e-03,-1.614345237612724304e-02,-2.988171100616455078e+00,-3.098470717668533325e-02,2.479061298072338104e-02,9.509418904781341553e-02
1.788595784915640064e+18,1.788595784907484000e+15,8.552657440304756165e-03,-1.552519667893648148e-02,-2.985418319702148438e+00,-3.094442375004291534e-02,2.485142089426517487e-02,1.208809167146682739e-01
1.788595784992892672e+18,1.788595784955002000e+15,8.414688520133495331e-03,-1.510758604854345322e-02,-2.983217716217041016e+00,-3.081949241459369659e-02,2.478023990988731384e-02,1.396185308694839478e-01
1.788595785012155904e+18,1.788595785016790000e+15,8.203881792724132538e-03,-1.448402646929025650e-02,-2.979248046875000000e+00,-3.064910694956779480e-02,2.463671192526817322e-02,1.697119027376174927e-01
1.788595785085933312e+18,1.788595785066159000e+15,8.046446368098258972e-03,-1.406802795827388763e-02,-2.976192951202392578e+00,-3.050819970667362213e-02,2.447831444442272186e-02,1.913609951734542847e-01
1.788595785107178752e+18,1.788595785121404000e+15,7.791918702423572540e-03,-1.344164274632930756e-02,-2.970841407775878906e+00,-3.033591620624065399e-02,2.431161701679229736e-02,2.258231490850448608e-01
1.788595785180441856e+18,1.788595785170121000e+15,7.614362984895706177e-03,-1.301046367734670639e-02,-2.966754436492919922e+00,-3.017062321305274963e-02,2.416908927261829376e-02,2.501964867115020752e-01
1.788595785257356032e+18,1.788595785226886000e+15,7.333829998970031738e-03,-1.234546117484569550e-02,-2.959819078445434570e+00,-3.012551926076412201e-02,2.394624054431915283e-02,2.884925603866577148e-01
1.788595785280264960e+18,1.788595785275561000e+15,7.146793417632579803e-03,-1.186989620327949524e-02,-2.954589128494262695e+00,-2.990915626287460327e-02,2.381208539009094238e-02,3.154748678207397461e-01
1.788595785360692224e+18,1.788595785335158000e+15,6.842598319053649902e-03,-1.115614548325538635e-02,-2.945882797241210938e+00,-2.971542254090309143e-02,2.361445501446723938e-02,3.575452864170074463e-01
1.788595785378896384e+18,1.788595785384802000e+15,6.623159162700176239e-03,-1.067568827420473099e-02,-2.939439773559570312e+00,-2.947979047894477844e-02,2.349026128649711609e-02,3.868343532085418701e-01
1.788595785456433152e+18,1.788595785448158000e+15,6.265537813305854797e-03,-9.925583377480506897e-03,-2.928755760192871094e+00,-2.916095033288002014e-02,2.329816110432147980e-02,4.323298335075378418e-01
1.788595785540882944e+18,1.788595785498132000e+15,6.013569422066211700e-03,-9.420013986527919769e-03,-2.920983552932739258e+00,-2.896660938858985901e-02,2.314982376992702484e-02,4.639797806739807129e-01
1.788595785559546112e+18,1.788595785559702000e+15,5.602903198450803757e-03,-8.579174056649208069e-03,-2.908153772354125977e+00,-2.868136949837207794e-02,2.306687086820602417e-02,5.106891393661499023e-01
1.788595785636860928e+18,1.788595785610041000e+15,5.306486971676349640e-03,-7.990851998329162598e-03,-2.898920059204101562e+00,-2.847880125045776367e-02,2.297937124967575073e-02,5.405756831169128418e-01
1.788595785656391168e+18,1.788595785668739000e+15,4.829670302569866180e-03,-7.071225903928279877e-03,-2.884140491485595703e+00,-2.829916216433048248e-02,2.285023592412471771e-02,5.819181203842163086e-01
1.788595785733672192e+18,1.788595785721547000e+15,4.470193758606910706e-03,-6.415334995836019516e-03,-2.873592138290405273e+00,-2.806509658694267273e-02,2.282414026558399200e-02,6.068070530891418457e-01
1.788595785829107200e+18,1.788595785783842000e+15,3.927100449800491333e-03,-5.452672485262155533e-03,-2.857171773910522461e+00,-2.787157334387302399e-02,2.269210480153560638e-02,6.400490999221801758e-01
1.788595785851438848e+18,1.788595785837328000e+15,3.500330494716763496e-03,-4.800352267920970917e-03,-2.845704078674316406e+00,-2.777065522968769073e-02,2.262759953737258911e-02,6.595091223716735840e-01
1.788595785949805824e+18,1.788595785901154000e+15,2.834098180755972862e-03,-3.837450873106718063e-03,-2.827986717224121094e+00,-2.742871828377246857e-02,2.247133851051330566e-02,6.848605871200561523e-01
1.788595785956470016e+18,1.788595785956119000e+15,2.357209334149956703e-03,-3.201585728675127029e-03,-2.815844058990478516e+00,-2.733064815402030945e-02,2.232828177511692047e-02,6.994084119796752930e-01
1.788595786032325888e+18,1.788595786016604000e+15,1.586158177815377712e-03,-2.245606621727347374e-03,-2.797197341918945312e+00,-2.722125500440597534e-02,2.215427719056606293e-02,7.177281975746154785e-01
1.788595786114038784e+18,1.788595786071277000e+15,1.057331333868205547e-03,-1.614290289580821991e-03,-2.784566879272460938e+00,-2.707324363291263580e-02,2.193495817482471466e-02,7.278003692626953125e-01
1.788595786133323264e+18,1.788595786131435000e+15,1.604410354048013687e-04,-6.912766839377582073e-04,-2.765321016311645508e+00,-2.685518562793731689e-02,2.153840288519859314e-02,7.398459911346435547e-01
1.788595786229773824e+18,1.788595786183716000e+15,-4.582523542921990156e-04,-8.267120574600994587e-05,-2.752364158630371094e+00,-2.665676549077033997e-02,2.116991952061653137e-02,7.458488345146179199e-01
1.788595786295774208e+18,1.788595786218891000e+15,-1.416631625033915043e-03,8.205372141674160957e-04,-2.732804775238037109e+00,-2.643621154129505157e-02,2.071124128997325897e-02,7.520723938941955566e-01
1.788595786315975680e+18,1.788595786234891000e+15,-2.069542882964015007e-03,1.431843033060431480e-03,-2.719694137573242188e+00,-2.629396505653858185e-02,2.030031196773052216e-02,7.545091509819030762e-01
1.788595786391155968e+18,1.788595786258891000e+15,-3.039745846763253212e-03,2.334894612431526184e-03,-2.700066328048706055e+00,-2.600770443677902222e-02,1.971908286213874817e-02,7.555121183395385742e-01
1.788595786410594304e+18,1.788595786274891000e+15,-3.686522599309682846e-03,2.937860321253538132e-03,-2.687030076980590820e+00,-2.576776966452598572e-02,1.940755546092987061e-02,7.545706033706665039e-01
1.788595786486107392e+18,1.788595786298891000e+15,-4.647562745958566666e-03,3.821232356131076813e-03,-2.667620420455932617e+00,-2.552967332303524017e-02,1.887164264917373657e-02,7.508710026741027832e-01
1.788595786562420480e+18,1.788595786314891000e+15,-5.279084667563438416e-03,4.393835086375474930e-03,-2.654798269271850586e+00,-2.531922981142997742e-02,1.852987520396709442e-02,7.468816637992858887e-01
1.788595786580372480e+18,1.788595786338891000e+15,-6.216926965862512589e-03,5.239839199930429459e-03,-2.635819196701049805e+00,-2.509383298456668854e-02,1.794214174151420593e-02,7.386885285377502441e-01
1.788595786674320640e+18,1.788595786354891000e+15,-6.833950057625770569e-03,5.788028240203857422e-03,-2.623351335525512695e+00,-2.496555075049400330e-02,1.749215461313724518e-02,7.319792509078979492e-01
1.788595786681084928e+18,1.788595786378891000e+15,-7.726661395281553268e-03,6.571297999471426010e-03,-2.605011463165283203e+00,-2.465871535241603851e-02,1.682165637612342834e-02,7.197843194007873535e-01
1.788595786764051712e+18,1.788595786394891000e+15,-8.312500081956386566e-03,7.054302375763654709e-03,-2.593018054962158203e+00,-2.444355003535747528e-02,1.643866300582885742e-02,7.104539871215820312e-01
1.788595786847812096e+18,1.788595786418891000e+15,-9.177409112453460693e-03,7.722927257418632507e-03,-2.575409889221191406e+00,-2.406691759824752808e-02,1.578535512089729309e-02,6.946012377738952637e-01
1.788595786871118080e+18,1.788595786434891000e+15,-9.737787768244743347e-03,8.101974613964557648e-03,-2.563999652862548828e+00,-2.382796630263328552e-02,1.526929065585136414e-02,6.828275322914123535e-01
1.788595786950666240e+18,1.788595786458891000e+15,-1.054713688790798187e-02,8.627503179013729095e-03,-2.547339677810668945e+00,-2.340980246663093567e-02,1.434838026762008667e-02,6.633846759796142578e-01
1.788595786970223104e+18,1.788595786474891000e+15,-1.105677057057619095e-02,8.937124162912368774e-03,-2.536587953567504883e+00,-2.304708771407604218e-02,1.378903817385435104e-02,6.494010090827941895e-01
1.788595787045791232e+18,1.788595786498891000e+15,-1.175224129110574722e-02,9.343223646283149719e-03,-2.520995616912841797e+00,-2.251574769616127014e-02,1.293270103633403778e-02,6.306445598602294922e-01
1.788595787122996480e+18,1.788595786514891000e+15,-1.218863856047391891e-02,9.590231813490390778e-03,-2.510911703109741211e+00,-2.217049710452556610e-02,1.242901012301445007e-02,6.206085681915283203e-01
1.788595787140985344e+18,1.788595786538891000e+15,-1.276013627648353577e-02,9.881709702312946320e-03,-2.496227264404296875e+00,-2.161505073308944702e-02,1.158285140991210938e-02,6.101980209350585938e-01
1.788595787221136384e+18,1.788595786554891000e+15,-1.312209852039813995e-02,1.005628332495689392e-02,-2.486608266830444336e+00,-2.134005539119243622e-02,1.105382572859525681e-02,6.063578128814697266e-01
1.788595787240834304e+18,1.788595786578891000e+15,-1.363817229866981506e-02,1.028908975422382355e-02,-2.472346782684326172e+00,-2.076252363622188568e-02,1.021542772650718689e-02,6.037192344665527344e-01
1.788595787326796800e+18,1.788595786594891000e+15,-1.397258229553699493e-02,1.042792294174432755e-02,-2.462905406951904297e+00,-2.029014937579631805e-02,9.707595221698284149e-03,6.032205820083618164e-01
1.788595787411410432e+18,1.788595786618891000e+15,-1.445717178285121918e-02,1.061469968408346176e-02,-2.448808431625366211e+00,-1.964829675853252411e-02,8.898247964680194855e-03,6.035783886909484863e-01
1.788595787431398656e+18,1.788595786634891000e+15,-1.476545818150043488e-02,1.071326341480016708e-02,-2.439462661743164062e+00,-1.925726421177387238e-02,8.401216007769107819e-03,6.043257713317871094e-01
1.788595787511949824e+18,1.788595786658891000e+15,-1.521197985857725143e-02,1.083790045231580734e-02,-2.425429344177246094e+00,-1.879167184233665466e-02,7.632871158421039581e-03,6.058719754219055176e-01
1.788595787531521792e+18,1.788595786674891000e+15,-1.549467351287603378e-02,1.089873909950256348e-02,-2.416080236434936523e+00,-1.833176240324974060e-02,7.152305915951728821e-03,6.072602272033691406e-01
1.788595787611947008e+18,1.788595786698891000e+15,-1.587119325995445251e-02,1.095107942819595337e-02,-2.402023077011108398e+00,-1.762523315846920013e-02,6.478996016085147858e-03,6.095403432846069336e-01
1.788595787716847360e+18,1.788595786714891000e+15,-1.610295102000236511e-02,1.097048632800579071e-02,-2.392624616622924805e+00,-1.715417020022869110e-02,5.890665110200643539e-03,6.112020611763000488e-01
1.788595787717705728e+18,1.788595786738891000e+15,-1.639587804675102234e-02,1.091137994080781937e-02,-2.378497362136840820e+00,-1.643516868352890015e-02,4.995428491383790970e-03,6.136006116867065430e-01
1.788595787800924672e+18,1.788595786754891000e+15,-1.657717861235141754e-02,1.084281038492918015e-02,-2.369019985198974609e+00,-1.592369377613067627e-02,4.467890597879886627e-03,6.153915524482727051e-01
1.788595787820679168e+18,1.788595786778891000e+15,-1.682854071259498596e-02,1.069599669426679611e-02,-2.354713678359985352e+00,-1.510118227452039719e-02,3.506384789943695068e-03,6.182593703269958496e-01
1.788595787893204736e+18,1.788595786794891000e+15,-1.697364263236522675e-02,1.056035980582237244e-02,-2.345102787017822266e+00,-1.460384391248226166e-02,2.928568050265312195e-03,6.201058626174926758e-01
1.788595787962370816e+18,1.788595786818891000e+15,-1.717988401651382446e-02,1.034523546695709229e-02,-2.330612897872924805e+00,-1.377357169985771179e-02,1.881640171632170677e-03,6.230235695838928223e-01
1.788595787982473472e+18,1.788595786834891000e+15,-1.730738207697868347e-02,1.018692646175622940e-02,-2.320884227752685547e+00,-1.311654131859540939e-02,1.252485904842615128e-03,6.249649524688720703e-01
1.788595788070633728e+18,1.788595786858891000e+15,-1.749848760664463043e-02,9.933903813362121582e-03,-2.306222200393676758e+00,-1.227022800594568253e-02,2.546358155086636543e-04,6.277878880500793457e-01
1.788595788138738432e+18,1.788595786874891000e+15,-1.763415522873401642e-02,9.748188778758049011e-03,-2.296404361724853516e+00,-1.181073486804962158e-02,-3.543797938618808985e-04,6.297615170478820801e-01
1.788595788158078720e+18,1.788595786898891000e+15,-1.787597127258777618e-02,9.462121874094009399e-03,-2.281613826751708984e+00,-1.102225296199321747e-02,-1.326475176028907299e-03,6.324768662452697754e-01
1.788595788238053120e+18,1.788595786914891000e+15,-1.804534904658794403e-02,9.267578832805156708e-03,-2.271719932556152344e+00,-1.054858043789863586e-02,-1.812332542613148689e-03,6.344137191772460938e-01
1.788595788257103360e+18,1.788595786938891000e+15,-1.836412958800792694e-02,8.986987173557281494e-03,-2.256817102432250977e+00,-9.889776818454265594e-03,-2.495680702850222588e-03,6.371545791625976562e-01
1.788595788342359040e+18,1.788595786954891000e+15,-1.858356222510337830e-02,8.801682852208614349e-03,-2.246854066848754883e+00,-9.518304839730262756e-03,-3.006449434906244278e-03,6.389272809028625488e-01
1.788595788421206784e+18,1.788595786978891000e+15,-1.892373710870742798e-02,8.524109609425067902e-03,-2.231870889663696289e+00,-8.993863128125667572e-03,-3.719209926202893257e-03,6.415310502052307129e-01
1.788595788440164096e+18,1.788595786994891000e+15,-1.915610581636428833e-02,8.343397639691829681e-03,-2.221837759017944336e+00,-8.628569543361663818e-03,-4.236006643623113632e-03,6.432830691337585449e-01
1.788595788513086464e+18,1.788595787018891000e+15,-1.949105970561504364e-02,8.071247488260269165e-03,-2.206714153289794922e+00,-8.030187338590621948e-03,-4.864090122282505035e-03,6.459568142890930176e-01
1.788595788534729216e+18,1.788595787034891000e+15,-1.970865391194820404e-02,7.890610955655574799e-03,-2.196578502655029297e+00,-7.700544316321611404e-03,-5.242857150733470917e-03,6.476692557334899902e-01
1.788595788624733952e+18,1.788595787058891000e+15,-2.005981653928756714e-02,7.627699058502912521e-03,-2.181299924850463867e+00,-7.203459739685058594e-03,-5.797378253191709518e-03,6.501998305320739746e-01
1.788595788701868032e+18,1.788595787074891000e+15,-2.029564790427684784e-02,7.454945240169763565e-03,-2.171071529388427734e+00,-6.915783043950796127e-03,-6.121978163719177246e-03,6.519321203231811523e-01
1.788595788720408576e+18,1.788595787098891000e+15,-2.066388726234436035e-02,7.156701758503913879e-03,-2.155601978302001953e+00,-6.542376242578029633e-03,-6.589321885257959366e-03,6.543275713920593262e-01
1.788595788798833664e+18,1.788595787114891000e+15,-2.089909464120864868e-02,6.960242521017789841e-03,-2.145263195037841797e+00,-6.254907231777906418e-03,-6.853258702903985977e-03,6.559599637985229492e-01
1.788595788817581056e+18,1.788595787138891000e+15,-2.129306830465793610e-02,6.626723334193229675e-03,-2.129666090011596680e+00,-5.889978725463151932e-03,-7.268535904586315155e-03,6.583184003829956055e-01
1.788595788896025856e+18,1.788595787154891000e+15,-2.156508155167102814e-02,6.393496878445148468e-03,-2.119221925735473633e+00,-5.691158585250377655e-03,-7.496084086596965790e-03,6.597799658775329590e-01
1.788595788974093312e+18,1.788595787178891000e+15,-2.198352105915546417e-02,6.029994226992130280e-03,-2.103495359420776367e+00,-5.325754173099994659e-03,-7.786013651639223099e-03,6.619061827659606934e-01
1.788595788992504576e+18,1.788595787194891000e+15,-2.227142453193664551e-02,5.768342409282922745e-03,-2.092979431152343750e+00,-5.137636326253414154e-03,-8.014277555048465729e-03,6.633160114288330078e-01
1.788595789070016256e+18,1.788595787218891000e+15,-2.269993536174297333e-02,5.378826521337032318e-03,-2.077161550521850586e+00,-4.706887062638998032e-03,-8.439691737294197083e-03,6.653206348419189453e-01
1.788595789089537280e+18,1.788595787234891000e+15,-2.299520187079906464e-02,5.119666922837495804e-03,-2.066586017608642578e+00,-4.548472817987203598e-03,-8.671192452311515808e-03,6.666000485420227051e-01
1.788595789173433856e+18,1.788595787258891000e+15,-2.346676215529441833e-02,4.744355101138353348e-03,-2.050671339035034180e+00,-4.194874316453933716e-03,-8.917778730392456055e-03,6.682951450347900391e-01
1.788595789274252544e+18,1.788595787274891000e+15,-2.378125116229057312e-02,4.501492250710725784e-03,-2.040029525756835938e+00,-4.005980677902698517e-03,-9.021646343171596527e-03,6.695505976676940918e-01
1.788595789274948096e+18,1.788595787298891000e+15,-2.432904392480850220e-02,4.149049986153841019e-03,-2.024012088775634766e+00,-3.771461313590407372e-03,-9.220882318913936615e-03,6.712275743484497070e-01
1.788595789375592192e+18,1.788595787314891000e+15,-2.470934577286243439e-02,3.912592772394418716e-03,-2.013317346572875977e+00,-3.609704552218317986e-03,-9.303906001150608063e-03,6.723511815071105957e-01
1.788595789378208768e+18,1.788595787338891000e+15,-2.530007436871528625e-02,3.556557698175311089e-03,-1.997234940528869629e+00,-3.403611946851015091e-03,-9.473722428083419800e-03,6.738366484642028809e-01
1.788595789467552512e+18,1.788595787354891000e+15,-2.572218328714370728e-02,3.319642972201108932e-03,-1.986473441123962402e+00,-3.255633404478430748e-03,-9.584365412592887878e-03,6.748565435409545898e-01
1.788595789548629760e+18,1.788595787378891000e+15,-2.632368728518486023e-02,2.972008660435676575e-03,-1.970301985740661621e+00,-3.047588281333446503e-03,-9.767350740730762482e-03,6.762980222702026367e-01
1.788595789567752192e+18,1.788595787394891000e+15,-2.674522623419761658e-02,2.742290031164884567e-03,-1.959504961967468262e+00,-2.887444104999303818e-03,-9.810036979615688324e-03,6.772411465644836426e-01
1.788595789661409536e+18,1.788595787418891000e+15,-2.736885100603103638e-02,2.416982315480709076e-03,-1.943323254585266113e+00,-2.646940760314464569e-03,-1.000381540507078171e-02,6.785178184509277344e-01
1.788595789680023040e+18,1.788595787434891000e+15,-2.779364772140979767e-02,2.220012946054339409e-03,-1.932541728019714355e+00,-2.447048434987664223e-03,-1.000798493623733521e-02,6.792776584625244141e-01
1.788595789770621696e+18,1.788595787458891000e+15,-2.842030674219131470e-02,1.950238831341266632e-03,-1.916355252265930176e+00,-2.398413838818669319e-03,-1.002695877104997635e-02,6.804448366165161133e-01
1.788595789851491840e+18,1.788595787474891000e+15,-2.882470749318599701e-02,1.780247432179749012e-03,-1.905554175376892090e+00,-2.279384527355432510e-03,-9.914133697748184204e-03,6.811236143112182617e-01
1.788595789870891520e+18,1.788595787498891000e+15,-2.948508225381374359e-02,1.546827261336147785e-03,-1.889326214790344238e+00,-1.954399514943361282e-03,-9.866879321634769440e-03,6.821511983871459961e-01
1.788595789964633344e+18,1.788595787514891000e+15,-2.991844527423381805e-02,1.396378967911005020e-03,-1.878487467765808105e+00,-1.792421797290444374e-03,-9.985742159187793732e-03,6.827298998832702637e-01
1.788595790053239808e+18,1.788595787538891000e+15,-3.055866807699203491e-02,1.175595680251717567e-03,-1.862188220024108887e+00,-1.640279428102076054e-03,-1.002743933349847794e-02,6.837605237960815430e-01
1.788595790073667328e+18,1.788595787554891000e+15,-3.099079616367816925e-02,1.030727871693670750e-03,-1.851300835609436035e+00,-1.485036103986203671e-03,-1.000230573117733002e-02,6.844410300254821777e-01
1.788595790162515200e+18,1.788595787578891000e+15,-3.162266314029693604e-02,8.056211518123745918e-04,-1.834946990013122559e+00,-1.126495888456702232e-03,-1.003894396126270294e-02,6.854186058044433594e-01
1.788595790180704768e+18,1.788595787594891000e+15,-3.204736113548278809e-02,6.448518834076821804e-04,-1.824023127555847168e+00,-9.017775300890207291e-04,-9.997869841754436493e-03,6.860407590866088867e-01
1.788595790264142592e+18,1.788595787618891000e+15,-3.271137177944183350e-02,3.790009068325161934e-04,-1.807600378990173340e+00,-5.623513134196400642e-04,-9.983046911656856537e-03,6.868052482604980469e-01
1.788595790347512064e+18,1.788595787634891000e+15,-3.314844891428947449e-02,1.953249739017337561e-04,-1.796631693840026855e+00,-3.754840290639549494e-04,-9.930931963026523590e-03,6.874339580535888672e-01
1.788595790378281984e+18,1.788595787658891000e+15,-3.379905596375465393e-02,-1.008977196761406958e-04,-1.780130743980407715e+00,-4.031802382087334991e-05,-9.918380528688430786e-03,6.883005499839782715e-01
1.788595790451725568e+18,1.788595787674891000e+15,-3.421637788414955139e-02,-3.034898836631327868e-04,-1.769107937812805176e+00,2.708907704800367355e-04,-9.988201782107353210e-03,6.888598799705505371e-01
1.788595790472004864e+18,1.788595787698891000e+15,-3.485971316695213318e-02,-6.189816631376743317e-04,-1.752531170845031738e+00,6.290972232818603516e-04,-9.921795688569545746e-03,6.896607875823974609e-01
1.788595790567827200e+18,1.788595787714891000e+15,-3.527714312076568604e-02,-8.236340363509953022e-04,-1.741459131240844727e+00,9.896123083308339119e-04,-9.869774803519248962e-03,6.900966167449951172e-01
1.788595790642930688e+18,1.788595787738891000e+15,-3.588642552495002747e-02,-1.122017973102629185e-03,-1.724825024604797363e+00,1.433688914403319359e-03,-9.852002374827861786e-03,6.908004879951477051e-01
1.788595790680652544e+18,1.788595787754891000e+15,-3.627632558345794678e-02,-1.298752613365650177e-03,-1.713699936866760254e+00,1.698243431746959686e-03,-9.779112413525581360e-03,6.911540031433105469e-01
1.788595790753083136e+18,1.788595787778891000e+15,-3.682508319616317749e-02,-1.549579319544136524e-03,-1.696994185447692871e+00,2.273502061143517494e-03,-9.593468159437179565e-03,6.918919086456298828e-01
1.788595790772306176e+18,1.788595787794891000e+15,-3.717320784926414490e-02,-1.702822861261665821e-03,-1.685836315155029297e+00,2.605241257697343826e-03,-9.484500624239444733e-03,6.923078298568725586e-01
1.788595790867662592e+18,1.788595787818891000e+15,-3.765811771154403687e-02,-1.899298396892845631e-03,-1.669109463691711426e+00,3.121681045740842819e-03,-9.378413669764995575e-03,6.927899718284606934e-01
1.788595790946778624e+18,1.788595787834891000e+15,-3.795413300395011902e-02,-2.018152037635445595e-03,-1.657958626747131348e+00,3.542253980413079262e-03,-9.290399029850959778e-03,6.931683421134948730e-01
1.788595790966681088e+18,1.788595787858891000e+15,-3.841859102249145508e-02,-2.149856882169842720e-03,-1.641208648681640625e+00,4.205777775496244431e-03,-9.082758799195289612e-03,6.936141252517700195e-01
1.788595791049231616e+18,1.788595787874891000e+15,-3.873182833194732666e-02,-2.217095112428069115e-03,-1.630043506622314453e+00,4.591134376823902130e-03,-8.889631368219852448e-03,6.938909888267517090e-01
1.788595791068576000e+18,1.788595787898891000e+15,-3.920425102114677429e-02,-2.286933828145265579e-03,-1.613298535346984863e+00,5.165947601199150085e-03,-8.511045947670936584e-03,6.942588090896606445e-01
1.788595791150612224e+18,1.788595787914891000e+15,-3.951696678996086121e-02,-2.308946335688233376e-03,-1.602124094963073730e+00,5.555577576160430908e-03,-8.289923891425132751e-03,6.945398449897766113e-01
1.788595791243055616e+18,1.788595787938891000e+15,-3.998249024152755737e-02,-2.309165662154555321e-03,-1.585334539413452148e+00,6.160479970276355743e-03,-8.050749078392982483e-03,6.948583722114562988e-01
1.788595791262136832e+18,1.788595787954891000e+15,-4.031793400645256042e-02,-2.285360824316740036e-03,-1.574131369590759277e+00,6.498923525214195251e-03,-7.854497991502285004e-03,6.950829625129699707e-01
1.788595791366089728e+18,1.788595787978891000e+15,-4.078687727451324463e-02,-2.248244825750589371e-03,-1.557318329811096191e+00,7.093674968928098679e-03,-7.446496747434139252e-03,6.953741312026977539e-01
1.788595791368083968e+18,1.788595787994891000e+15,-4.108834639191627502e-02,-2.220392925664782524e-03,-1.546096563339233398e+00,7.432740181684494019e-03,-7.213245145976543427e-03,6.956400275230407715e-01
1.788595791461195520e+18,1.788595788018891000e+15,-4.152343422174453735e-02,-2.157534239813685417e-03,-1.529258012771606445e+00,8.018591441214084625e-03,-6.849782075732946396e-03,6.958870887756347656e-01
1.788595791548333312e+18,1.788595788034891000e+15,-4.178981855511665344e-02,-2.110323170199990273e-03,-1.518029928207397461e+00,8.430007845163345337e-03,-6.642795633524656296e-03,6.960979700088500977e-01
1.788595791567616768e+18,1.788595788058891000e+15,-4.214894026517868042e-02,-2.061723032966256142e-03,-1.501155972480773926e+00,9.129577316343784332e-03,-6.445755250751972198e-03,6.962672472000122070e-01
1.788595791664117248e+18,1.788595788074891000e+15,-4.235359281301498413e-02,-2.034396165981888771e-03,-1.489886999130249023e+00,9.650638327002525330e-03,-6.280914414674043655e-03,6.964904069900512695e-01
1.788595791673979392e+18,1.788595788098891000e+15,-4.260831698775291443e-02,-1.997975399717688560e-03,-1.472959876060485840e+00,1.031896192580461502e-02,-5.885599646717309952e-03,6.966979503631591797e-01
1.788595791756444928e+18,1.788595788114891000e+15,-4.274567216634750366e-02,-1.979416003450751305e-03,-1.461671710014343262e+00,1.070935558527708054e-02,-5.749771371483802795e-03,6.967943310737609863e-01
1.788595791848759808e+18,1.788595788138891000e+15,-4.290455207228660583e-02,-1.953149912878870964e-03,-1.444727063179016113e+00,1.144485268741846085e-02,-5.458326544612646103e-03,6.969914436340332031e-01
1.788595791849732864e+18,1.788595788154891000e+15,-4.297508671879768372e-02,-1.935665612109005451e-03,-1.433417439460754395e+00,1.190827321261167526e-02,-5.229757167398929596e-03,6.971436738967895508e-01
1.788595791956174848e+18,1.788595788178891000e+15,-4.301361367106437683e-02,-1.929801888763904572e-03,-1.416457891464233398e+00,1.277012098580598831e-02,-5.105637945234775543e-03,6.971340775489807129e-01
1.788595792032699648e+18,1.788595788194891000e+15,-4.297550022602081299e-02,-1.951250247657299042e-03,-1.405124664306640625e+00,1.339191570878028870e-02,-5.006784107536077499e-03,6.972586512565612793e-01
1.788595792059135232e+18,1.788595788218891000e+15,-4.281694814562797546e-02,-2.033127006143331528e-03,-1.388152837753295898e+00,1.438935287296772003e-02,-4.704744089394807816e-03,6.974473595619201660e-01
1.788595792138906368e+18,1.788595788234891000e+15,-4.266813769936561584e-02,-2.101219259202480316e-03,-1.376849293708801270e+00,1.501263678073883057e-02,-4.610259085893630981e-03,6.974854469299316406e-01
1.788595792159200256e+18,1.788595788258891000e+15,-4.232966527342796326e-02,-2.304071793332695961e-03,-1.359879136085510254e+00,1.600375771522521973e-02,-4.676997661590576172e-03,6.974088549613952637e-01
1.788595792248580608e+18,1.788595788274891000e+15,-4.208207130432128906e-02,-2.462102100253105164e-03,-1.348568320274353027e+00,1.661716029047966003e-02,-4.734390880912542343e-03,6.973868608474731445e-01
1.788595792333946624e+18,1.788595788298891000e+15,-4.168156161904335022e-02,-2.729420782998204231e-03,-1.331607818603515625e+00,1.755023561418056488e-02,-4.833854269236326218e-03,6.974251270294189453e-01
1.788595792353509120e+18,1.788595788314891000e+15,-4.137615114450454712e-02,-2.949848305433988571e-03,-1.320367336273193359e+00,1.815064065158367157e-02,-4.909582901746034622e-03,6.972895264625549316e-01
1.788595792438604288e+18,1.788595788338891000e+15,-4.088103771209716797e-02,-3.288598498329520226e-03,-1.303528189659118652e+00,1.919584162533283234e-02,-5.115912761539220810e-03,6.970081329345703125e-01
1.788595792457819904e+18,1.788595788354891000e+15,-4.051953181624412537e-02,-3.528639907017350197e-03,-1.292320132255554199e+00,1.980110444128513336e-02,-5.178563296794891357e-03,6.969259381294250488e-01
1.788595792539342592e+18,1.788595788378891000e+15,-3.991213813424110413e-02,-3.879013471305370331e-03,-1.275530695915222168e+00,2.082397416234016418e-02,-5.399845074862241745e-03,6.968051195144653320e-01
1.788595792617456128e+18,1.788595788394891000e+15,-3.948043659329414368e-02,-4.106664564460515976e-03,-1.264343261718750000e+00,2.148809842765331268e-02,-5.468685179948806763e-03,6.968600749969482422e-01
1.788595792636103424e+18,1.788595788418891000e+15,-3.876725584268569946e-02,-4.455650690943002701e-03,-1.247644543647766113e+00,2.239264175295829773e-02,-5.704132374376058578e-03,6.968650221824645996e-01
1.788595792717434880e+18,1.788595788434891000e+15,-3.828551620244979858e-02,-4.683753475546836853e-03,-1.236526966094970703e+00,2.290406078100204468e-02,-5.882746074348688126e-03,6.969045400619506836e-01
1.788595792737551360e+18,1.788595788458891000e+15,-3.755578771233558655e-02,-5.038499366492033005e-03,-1.219869375228881836e+00,2.386853098869323730e-02,-6.058712489902973175e-03,6.968986988067626953e-01
1.788595792830915584e+18,1.788595788474891000e+15,-3.707088157534599304e-02,-5.269533954560756683e-03,-1.208770632743835449e+00,2.438440732657909393e-02,-6.108319386839866638e-03,6.969016194343566895e-01
1.788595792906143488e+18,1.788595788498891000e+15,-3.635104745626449585e-02,-5.606228485703468323e-03,-1.192133545875549316e+00,2.511228807270526886e-02,-6.193720269948244095e-03,6.969792842864990234e-01
1.788595792924886528e+18,1.788595788514891000e+15,-3.586471080780029297e-02,-5.854065995663404465e-03,-1.181068658828735352e+00,2.558717690408229828e-02,-6.338310893625020981e-03,6.970431208610534668e-01
1.788595793006157824e+18,1.788595788538891000e+15,-3.512109816074371338e-02,-6.243709474802017212e-03,-1.164465785026550293e+00,2.624596655368804932e-02,-6.449974607676267624e-03,6.972219347953796387e-01
1.788595793024672512e+18,1.788595788554891000e+15,-3.461560234427452087e-02,-6.530856247991323471e-03,-1.153398513793945312e+00,2.662430144846439362e-02,-6.465225480496883392e-03,6.973267793655395508e-01
1.788595793118146816e+18,1.788595788578891000e+15,-3.383826091885566711e-02,-6.975716911256313324e-03,-1.136794567108154297e+00,2.713920362293720245e-02,-6.518912501633167267e-03,6.975047588348388672e-01
1.788595793202149632e+18,1.788595788594891000e+15,-3.331096097826957703e-02,-7.272850256413221359e-03,-1.125715613365173340e+00,2.751749195158481598e-02,-6.628056056797504425e-03,6.976933479309082031e-01
1.788595793220776704e+18,1.788595788618891000e+15,-3.248954191803932190e-02,-7.732365280389785767e-03,-1.109095811843872070e+00,2.810460142791271210e-02,-6.773762404918670654e-03,6.978826522827148438e-01
1.788595793299347200e+18,1.788595788634891000e+15,-3.193821758031845093e-02,-8.036760613322257996e-03,-1.098002791404724121e+00,2.839619480073451996e-02,-6.874941755086183548e-03,6.981139779090881348e-01
1.788595793318761728e+18,1.788595788658891000e+15,-3.110293298959732056e-02,-8.490253239870071411e-03,-1.081345796585083008e+00,2.899231389164924622e-02,-6.927586160600185394e-03,6.983561515808105469e-01
1.788595793396474112e+18,1.788595788674891000e+15,-3.053089603781700134e-02,-8.797980844974517822e-03,-1.070227384567260742e+00,2.927366830408573151e-02,-6.960446946322917938e-03,6.986320018768310547e-01
1.788595793493635328e+18,1.788595788698891000e+15,-2.967008948326110840e-02,-9.245743043720722198e-03,-1.053541302680969238e+00,2.965154126286506653e-02,-7.031580433249473572e-03,6.987738609313964844e-01
1.788595793496143616e+18,1.788595788714891000e+15,-2.909614518284797668e-02,-9.523075073957443237e-03,-1.042450189590454102e+00,2.987291105091571808e-02,-7.001475431025028229e-03,6.988850831985473633e-01
1.788595793588857600e+18,1.788595788738891000e+15,-2.822242304682731628e-02,-9.923726320266723633e-03,-1.025814771652221680e+00,3.020584583282470703e-02,-6.906813010573387146e-03,6.991246938705444336e-01
1.788595793599007488e+18,1.788595788754891000e+15,-2.762559987604618073e-02,-1.018076110631227493e-02,-1.014745116233825684e+00,3.040133416652679443e-02,-6.940650753676891327e-03,6.993396282196044922e-01
1.788595793682768896e+18,1.788595788778891000e+15,-2.671905606985092163e-02,-1.056792587041854858e-02,-9.981632828712463379e-01,3.057907894253730774e-02,-6.868794560432434082e-03,6.995348930358886719e-01
1.788595793763039744e+18,1.788595788794891000e+15,-2.611227706074714661e-02,-1.082151662558317184e-02,-9.871007800102233887e-01,3.071430884301662445e-02,-6.864747498184442520e-03,6.996732354164123535e-01
1.788595793781780224e+18,1.788595788818891000e+15,-2.521184273064136505e-02,-1.121658366173505783e-02,-9.705476164817810059e-01,3.074867092072963715e-02,-6.780193652957677841e-03,6.997430920600891113e-01
1.788595793877854976e+18,1.788595788834891000e+15,-2.462210878729820251e-02,-1.147664617747068405e-02,-9.595249295234680176e-01,3.072090446949005127e-02,-6.654105614870786667e-03,6.998274326324462891e-01
1.788595793947403008e+18,1.788595788858891000e+15,-2.375501580536365509e-02,-1.186162605881690979e-02,-9.430076479911804199e-01,3.068928606808185577e-02,-6.488022860139608383e-03,7.000868320465087891e-01
1.788595793972274432e+18,1.788595788874891000e+15,-2.321062795817852020e-02,-1.212332863360643387e-02,-9.320142865180969238e-01,3.063455782830715179e-02,-6.377440411597490311e-03,7.003515362739562988e-01
1.788595794049296640e+18,1.788595788898891000e+15,-2.241047471761703491e-02,-1.250787451863288879e-02,-9.155197739601135254e-01,3.049695678055286407e-02,-6.265717092901468277e-03,7.006475329399108887e-01
1.788595794069148160e+18,1.788595788914891000e+15,-2.189780957996845245e-02,-1.276479568332433701e-02,-9.045500159263610840e-01,3.029332868754863739e-02,-6.143731996417045593e-03,7.008799910545349121e-01
1.788595794149186816e+18,1.788595788938891000e+15,-2.116826176643371582e-02,-1.315942779183387756e-02,-8.880938887596130371e-01,2.995909564197063446e-02,-6.061161402612924576e-03,7.010337710380554199e-01
1.788595794228369664e+18,1.788595788954891000e+15,-2.069834806025028229e-02,-1.342102698981761932e-02,-8.771174550056457520e-01,2.966937981545925140e-02,-6.034613586962223053e-03,7.012450695037841797e-01
1.788595794251212800e+18,1.788595788978891000e+15,-2.001087553799152374e-02,-1.379254180938005447e-02,-8.606573939323425293e-01,2.936596982181072235e-02,-5.758383311331272125e-03,7.014502882957458496e-01
1.788595794335474176e+18,1.788595788994891000e+15,-1.956081017851829529e-02,-1.402797084301710129e-02,-8.496710658073425293e-01,2.910219505429267883e-02,-5.690100602805614471e-03,7.017506361007690430e-01
1.788595794355932416e+18,1.788595789018891000e+15,-1.894939877092838287e-02,-1.434070337563753128e-02,-8.331907391548156738e-01,2.855748496949672699e-02,-5.411030724644660950e-03,7.021776437759399414e-01
1.788595794439668480e+18,1.788595789034891000e+15,-1.857541315257549286e-02,-1.452639140188694000e-02,-8.221845030784606934e-01,2.813598141074180603e-02,-5.189971532672643661e-03,7.024062275886535645e-01
1.788595794523718656e+18,1.788595789058891000e+15,-1.806484349071979523e-02,-1.477124914526939392e-02,-8.056499361991882324e-01,2.745797857642173767e-02,-4.837377928197383881e-03,7.027399539947509766e-01
1.788595794543548928e+18,1.788595789074891000e+15,-1.777265407145023346e-02,-1.491342205554246902e-02,-7.946107983589172363e-01,2.702816389501094818e-02,-4.604208748787641525e-03,7.030126452445983887e-01
1.788595794625550336e+18,1.788595789098891000e+15,-1.736267842352390289e-02,-1.510615460574626923e-02,-7.780311703681945801e-01,2.635612897574901581e-02,-4.212098196148872375e-03,7.034251093864440918e-01
1.788595794645710848e+18,1.788595789114891000e+15,-1.712472178041934967e-02,-1.521568745374679565e-02,-7.669752240180969238e-01,2.582285366952419281e-02,-3.997023683041334152e-03,7.038012742996215820e-01
1.788595794725249792e+18,1.788595789138891000e+15,-1.682668551802635193e-02,-1.536674331873655319e-02,-7.503428459167480469e-01,2.506495639681816101e-02,-3.535265568643808365e-03,7.040451169013977051e-01
1.788595794804993536e+18,1.788595789154891000e+15,-1.664686016738414764e-02,-1.545906253159046173e-02,-7.392409443855285645e-01,2.450408972799777985e-02,-3.333392785862088203e-03,7.043052911758422852e-01
1.788595794824339200e+18,1.788595789178891000e+15,-1.644768938422203064e-02,-1.557204127311706543e-02,-7.225774526596069336e-01,2.359800040721893311e-02,-2.941884566098451614e-03,7.046396136283874512e-01
1.788595794907046400e+18,1.788595789194891000e+15,-1.632802747189998627e-02,-1.562924496829509735e-02,-7.114531397819519043e-01,2.298167720437049866e-02,-2.687530359253287315e-03,7.048929333686828613e-01
1.788595794926923776e+18,1.788595789218891000e+15,-1.616831868886947632e-02,-1.568720676004886627e-02,-6.947496533393859863e-01,2.204998023808002472e-02,-2.250246470794081688e-03,7.052028179168701172e-01
1.788595795014784000e+18,1.788595789234891000e+15,-1.607076451182365417e-02,-1.571017690002918243e-02,-6.835994124412536621e-01,2.151621505618095398e-02,-1.998064341023564339e-03,7.054588198661804199e-01
1.788595795120799232e+18,1.788595789258891000e+15,-1.593778096139431000e-02,-1.572151854634284973e-02,-6.668749451637268066e-01,2.062609605491161346e-02,-1.462370622903108597e-03,7.057049274444580078e-01
1.788595795121593088e+18,1.788595789274891000e+15,-1.587332412600517273e-02,-1.569112576544284821e-02,-6.557192206382751465e-01,2.011076733469963074e-02,-1.165495952591300011e-03,7.058663964271545410e-01
1.788595795220134400e+18,1.788595789298891000e+15,-1.577579602599143982e-02,-1.563525199890136719e-02,-6.389622688293457031e-01,1.927012577652931213e-02,-6.132648559287190437e-04,7.061415314674377441e-01
1.788595795223503104e+18,1.788595789314891000e+15,-1.571126468479633331e-02,-1.558784116059541702e-02,-6.278687119483947754e-01,1.875340938568115234e-02,-2.396225609118118882e-04,7.062309980392456055e-01
1.788595795304680960e+18,1.788595789338891000e+15,-1.564619131386280060e-02,-1.549522951245307922e-02,-6.111701130867004395e-01,1.794646307826042175e-02,3.341456176713109016e-04,7.063634395599365234e-01
1.788595795398169856e+18,1.788595789354891000e+15,-1.561260502785444260e-02,-1.542455144226551056e-02,-6.000182032585144043e-01,1.743968948721885681e-02,6.503588519990444183e-04,7.064614295959472656e-01
1.788595795417094144e+18,1.788595789378891000e+15,-1.558046322315931320e-02,-1.528429426252841949e-02,-5.832370519638061523e-01,1.665692403912544250e-02,1.149748452007770538e-03,7.068600058555603027e-01
1.788595795497318656e+18,1.788595789394891000e+15,-1.556700654327869415e-02,-1.518417987972497940e-02,-5.720199942588806152e-01,1.606798544526100159e-02,1.485429005697369576e-03,7.070667743682861328e-01
1.788595795517824768e+18,1.788595789418891000e+15,-1.556125283241271973e-02,-1.502957846969366074e-02,-5.551936030387878418e-01,1.522848941385746002e-02,1.879126648418605328e-03,7.072573900222778320e-01
1.788595795602521856e+18,1.788595789434891000e+15,-1.557212322950363159e-02,-1.490773819386959076e-02,-5.439481139183044434e-01,1.467254105955362320e-02,2.209100406616926193e-03,7.073615789413452148e-01
1.788595795686808832e+18,1.788595789458891000e+15,-1.558638922870159149e-02,-1.470422279089689255e-02,-5.270622968673706055e-01,1.396350562572479248e-02,2.615849953144788742e-03,7.074607014656066895e-01
1.788595795706820352e+18,1.788595789474891000e+15,-1.559359114617109299e-02,-1.454425603151321411e-02,-5.157861113548278809e-01,1.350770611315965652e-02,2.952004317194223404e-03,7.075080275535583496e-01
1.788595795788455168e+18,1.788595789498891000e+15,-1.560935843735933304e-02,-1.427470054477453232e-02,-4.988685846328735352e-01,1.283005997538566589e-02,3.432729048654437065e-03,7.076095342636108398e-01
1.788595795871796480e+18,1.788595789514891000e+15,-1.562885008752346039e-02,-1.405861042439937592e-02,-4.876232743263244629e-01,1.234777830541133881e-02,3.758081933483481407e-03,7.076773047447204590e-01
1.788595795890996480e+18,1.788595789538891000e+15,-1.566758938133716583e-02,-1.368838921189308167e-02,-4.707559943199157715e-01,1.167154777795076370e-02,4.269220400601625443e-03,7.076678276062011719e-01
1.788595795982732800e+18,1.788595789554891000e+15,-1.569599285721778870e-02,-1.342905685305595398e-02,-4.595057964324951172e-01,1.128017995506525040e-02,4.630646668374538422e-03,7.077646851539611816e-01
1.788595796002752512e+18,1.788595789578891000e+15,-1.575526036322116852e-02,-1.296964660286903381e-02,-4.426319003105163574e-01,1.060994062572717667e-02,5.072259344160556793e-03,7.077716588973999023e-01
1.788595796091904256e+18,1.788595789594891000e+15,-1.579211838543415070e-02,-1.263372227549552917e-02,-4.313697218894958496e-01,1.031463872641324997e-02,5.463399458676576614e-03,7.077702283859252930e-01
1.788595796180082176e+18,1.788595789618891000e+15,-1.584409177303314209e-02,-1.208749972283840179e-02,-4.144625067710876465e-01,9.722150862216949463e-03,6.032673176378011703e-03,7.078495025634765625e-01
1.788595796199480576e+18,1.788595789634891000e+15,-1.590954139828681946e-02,-1.165318582206964493e-02,-4.031552672386169434e-01,9.272593073546886444e-03,6.370428483933210373e-03,7.078559398651123047e-01
1.788595796293698304e+18,1.788595789658891000e+15,-1.600461080670356750e-02,-1.098649762570858002e-02,-3.861870169639587402e-01,8.701908402144908905e-03,6.844056770205497742e-03,7.077831029891967773e-01
1.788595796300946176e+18,1.788595789674891000e+15,-1.606387272477149963e-02,-1.051243301481008530e-02,-3.748645186424255371e-01,8.450618945062160492e-03,7.197309751063585281e-03,7.076930999755859375e-01
1.788595796387091968e+18,1.788595789698891000e+15,-1.616766676306724548e-02,-9.759709239006042480e-03,-3.578662276268005371e-01,8.040117099881172180e-03,7.786661386489868164e-03,7.076475024223327637e-01
1.788595796471076608e+18,1.788595789714891000e+15,-1.623881421983242035e-02,-9.250334464013576508e-03,-3.465486168861389160e-01,7.820038124918937683e-03,8.157621137797832489e-03,7.076541781425476074e-01
1.788595796494203392e+18,1.788595789738891000e+15,-1.635724492371082306e-02,-8.422873914241790771e-03,-3.295725584030151367e-01,7.345206104218959808e-03,8.688245899975299835e-03,7.074992656707763672e-01
1.788595796594594048e+18,1.788595789754891000e+15,-1.643132977187633514e-02,-7.886300794780254364e-03,-3.182553648948669434e-01,7.182867266237735748e-03,9.032234549522399902e-03,7.074652314186096191e-01
1.788595796597521152e+18,1.788595789778891000e+15,-1.651868782937526703e-02,-7.058578077703714371e-03,-3.012989163398742676e-01,6.904103327542543411e-03,9.505999274551868439e-03,7.072452902793884277e-01
1.788595796695624192e+18,1.788595789794891000e+15,-1.657859049737453461e-02,-6.505951285362243652e-03,-2.899965643882751465e-01,6.691850721836090088e-03,9.786658920347690582e-03,7.072333693504333496e-01
1.788595796764010240e+18,1.788595789818891000e+15,-1.667036861181259155e-02,-5.678022745996713638e-03,-2.730661630630493164e-01,6.425790488719940186e-03,1.016728207468986511e-02,7.068620920181274414e-01
1.788595796782728448e+18,1.788595789834891000e+15,-1.672315411269664764e-02,-5.129287950694561005e-03,-2.617883682250976562e-01,6.273514591157436371e-03,1.038171071559190750e-02,7.068113684654235840e-01
1.788595796888814336e+18,1.788595789858891000e+15,-1.679804362356662750e-02,-4.322623368352651596e-03,-2.448940426111221313e-01,6.141935475170612335e-03,1.069202087819576263e-02,7.065918445587158203e-01
1.788595796889956608e+18,1.788595789874891000e+15,-1.684652641415596008e-02,-3.791383700445294380e-03,-2.336575835943222046e-01,6.115117575973272324e-03,1.090623810887336731e-02,7.064716815948486328e-01
1.788595796985014016e+18,1.788595789898891000e+15,-1.692877709865570068e-02,-3.020587377250194550e-03,-2.167953401803970337e-01,5.871242843568325043e-03,1.106951199471950531e-02,7.062641382217407227e-01
1.788595797070115584e+18,1.788595789914891000e+15,-1.698278263211250305e-02,-2.522333059459924698e-03,-2.055794745683670044e-01,5.788186565041542053e-03,1.119550783187150955e-02,7.061996459960937500e-01
1.788595797089909248e+18,1.788595789938891000e+15,-1.711091957986354828e-02,-1.843821373768150806e-03,-1.887332648038864136e-01,5.655653309077024460e-03,1.120291650295257568e-02,7.060692906379699707e-01
1.788595797192115200e+18,1.788595789954891000e+15,-1.720594242215156555e-02,-1.419798703864216805e-03,-1.774781793355941772e-01,5.598853807896375656e-03,1.126881502568721771e-02,7.059670686721801758e-01
1.788595797196387072e+18,1.788595789978891000e+15,-1.736208796501159668e-02,-8.224132470786571503e-04,-1.605653911828994751e-01,5.501946900039911270e-03,1.129006035625934601e-02,7.058989405632019043e-01
1.788595797298238208e+18,1.788595789994891000e+15,-1.747982390224933624e-02,-4.392120172269642353e-04,-1.492451578378677368e-01,5.529375281184911728e-03,1.110228523612022400e-02,7.058254480361938477e-01
1.788595797388603392e+18,1.788595790018891000e+15,-1.763848401606082916e-02,1.153641933342441916e-04,-1.322841793298721313e-01,5.398161243647336960e-03,1.090282946825027466e-02,7.057281732559204102e-01
1.788595797407606528e+18,1.788595790034891000e+15,-1.776008494198322296e-02,4.684631421696394682e-04,-1.209315508604049683e-01,5.322698038071393967e-03,1.079931296408176422e-02,7.056992650032043457e-01
1.788595797500434944e+18,1.788595790058891000e+15,-1.793084479868412018e-02,9.680839139036834240e-04,-1.039054840803146362e-01,5.253227893263101578e-03,1.052853371948003769e-02,7.056093811988830566e-01
1.788595797520294912e+18,1.788595790074891000e+15,-1.803941279649734497e-02,1.273733563721179962e-03,-9.255076944828033447e-02,5.188101436942815781e-03,1.028061099350452423e-02,7.055915594100952148e-01
1.788595797618060288e+18,1.788595790098891000e+15,-1.821881532669067383e-02,1.690467121079564095e-03,-7.549013197422027588e-02,4.988077562302350998e-03,9.964929893612861633e-03,7.056351304054260254e-01
1.788595797715030272e+18,1.788595790114891000e+15,-1.833819597959518433e-02,1.949633471667766571e-03,-6.410999596118927002e-02,4.933306016027927399e-03,9.689703583717346191e-03,7.056371569633483887e-01
1.788595797734076672e+18,1.788595790138891000e+15,-1.850800961256027222e-02,2.258223714306950569e-03,-4.702533781528472900e-02,4.768464248627424240e-03,9.139964357018470764e-03,7.054237723350524902e-01
1.788595797823508480e+18,1.788595790154891000e+15,-1.861187256872653961e-02,2.436164300888776779e-03,-3.564204275608062744e-02,4.717940930277109146e-03,8.762752637267112732e-03,7.053669095039367676e-01
1.788595797917468928e+18,1.788595790178891000e+15,-1.875511743128299713e-02,2.664236119017004967e-03,-1.857878267765045166e-02,4.525754135102033615e-03,8.184793405234813690e-03,7.051903605461120605e-01
1.788595797937299456e+18,1.788595790194891000e+15,-1.882645487785339355e-02,2.751846564933657646e-03,-7.173851132392883301e-03,4.530215635895729065e-03,7.739488035440444946e-03,7.050223946571350098e-01
1.788595798036713472e+18,1.788595790218891000e+15,-1.891671121120452881e-02,2.853424055501818657e-03,9.897932410240173340e-03,4.468417260795831680e-03,7.175386417657136917e-03,7.049470543861389160e-01
1.788595798059499776e+18,1.788595790234891000e+15,-1.896202191710472107e-02,2.888488583266735077e-03,2.128215134143829346e-02,4.461483098566532135e-03,6.738958880305290222e-03,7.048834562301635742e-01
1.788595798160929280e+18,1.788595790258891000e+15,-1.900916919112205505e-02,2.923963824287056923e-03,3.839989006519317627e-02,4.467472434043884277e-03,6.098581943660974503e-03,7.046732902526855469e-01
1.788595798261591040e+18,1.788595790274891000e+15,-1.903121918439865112e-02,2.937890356406569481e-03,4.982019960880279541e-02,4.401024896651506424e-03,5.511727184057235718e-03,7.045416235923767090e-01
1.788595798290503424e+18,1.788595790298891000e+15,-1.903171278536319733e-02,2.936444478109478951e-03,6.700013577938079834e-02,4.501426592469215393e-03,4.679857753217220306e-03,7.044516205787658691e-01
1.788595798417863168e+18,1.788595790314891000e+15,-1.901728287339210510e-02,2.926217159256339073e-03,7.844713330268859863e-02,4.583283327519893646e-03,4.228021949529647827e-03,7.043331861495971680e-01
1.788595798418948608e+18,1.788595790330891000e+15,-1.899633742868900299e-02,2.878685016185045242e-03,8.994959294795989990e-02,4.727389197796583176e-03,3.708411939442157745e-03,7.042190432548522949e-01
1.788595798550542848e+18,1.788595790354891000e+15,-1.895752549171447754e-02,2.791572362184524536e-03,1.072079390287399292e-01,4.898854531347751617e-03,2.822333946824073792e-03,7.040711045265197754e-01
1.788595798608364800e+18,1.788595790378891000e+15,-1.909657567739486694e-02,2.542511560022830963e-03,1.135653704404830933e-01,-6.549182347953319550e-03,-6.536057684570550919e-03,2.119122259318828583e-02
1.788595798626404352e+18,1.788595790394891000e+15,-1.924894377589225769e-02,2.308794995769858360e-03,1.141965165734291077e-01,-6.637627724558115005e-03,-6.641176994889974594e-03,2.134414762258529663e-02
1.788595798700420864e+18,1.788595790418891000e+15,-1.948267407715320587e-02,1.939751324243843555e-03,1.147933527827262878e-01,-6.877009756863117218e-03,-6.906097754836082458e-03,2.124600484967231750e-02
1.788595798720767232e+18,1.788595790434891000e+15,-1.964532397687435150e-02,1.666305470280349255e-03,1.147741302847862244e-01,-7.091659121215343475e-03,-7.102848030626773834e-03,2.093831636011600494e-02
1.788595798800632576e+18,1.788595790458891000e+15,-1.989058032631874084e-02,1.250133849680423737e-03,1.141319647431373596e-01,-7.314089685678482056e-03,-7.408802397549152374e-03,2.038164995610713959e-02
1.788595798867560192e+18,1.788595790474891000e+15,-2.005449868738651276e-02,9.715509368106722832e-04,1.135327070951461792e-01,-7.450060918927192688e-03,-7.628707680851221085e-03,1.991756819188594818e-02
1.788595798892929280e+18,1.788595790498891000e+15,-2.022170089185237885e-02,5.452716723084449768e-04,1.117656379938125610e-01,-7.513460703194141388e-03,-8.076230995357036591e-03,1.879954151809215546e-02
1.788595798966418432e+18,1.788595790514891000e+15,-2.029484137892723083e-02,2.868737501557916403e-04,1.104725599288940430e-01,-7.624240592122077942e-03,-8.204816840589046478e-03,1.801871694624423981e-02
1.788595798986392320e+18,1.788595790538891000e+15,-2.035111188888549805e-02,-6.313795165624469519e-05,1.084360629320144653e-01,-7.790564093738794327e-03,-8.545535616576671600e-03,1.671916060149669647e-02
1.788595799060631040e+18,1.788595790554891000e+15,-2.035067789256572723e-02,-2.646917128004133701e-04,1.071528047323226929e-01,-7.801459636539220810e-03,-8.673053234815597534e-03,1.585464924573898315e-02
1.788595799128603136e+18,1.788595790578891000e+15,-2.029535174369812012e-02,-5.221198662184178829e-04,1.053318977355957031e-01,-7.819668389856815338e-03,-8.921063505113124847e-03,1.467544678598642349e-02
1.788595799149488896e+18,1.788595790594891000e+15,-2.020792476832866669e-02,-5.982668953947722912e-04,1.041565537452697754e-01,-7.758980616927146912e-03,-8.906626142561435699e-03,1.392203941941261292e-02
1.788595799205665536e+18,1.788595790618891000e+15,-2.006013318896293640e-02,-6.731420871801674366e-04,1.024545431137084961e-01,-7.658956572413444519e-03,-8.820486254990100861e-03,1.296332571655511856e-02
1.788595799226069504e+18,1.788595790634891000e+15,-1.993109285831451416e-02,-6.649387651123106480e-04,1.013576984405517578e-01,-7.575941272079944611e-03,-8.696123026311397552e-03,1.236932538449764252e-02
1.788595799292888576e+18,1.788595790658891000e+15,-1.965463161468505859e-02,-5.802485975436866283e-04,9.978989511728286743e-02,-7.393413223326206207e-03,-8.622254244983196259e-03,1.157816872000694275e-02
1.788595799366480384e+18,1.788595790674891000e+15,-1.945037953555583954e-02,-5.070567131042480469e-04,9.880056232213973999e-02,-7.201265543699264526e-03,-8.522958494722843170e-03,1.118898019194602966e-02
1.788595799386824960e+18,1.788595790698891000e+15,-1.906591281294822693e-02,-2.718652831390500069e-04,9.738498926162719727e-02,-6.883766967803239822e-03,-8.230502717196941376e-03,1.055737677961587906e-02
1.788595799455954944e+18,1.788595790714891000e+15,-1.879579015076160431e-02,-8.520650590071454644e-05,9.647955000400543213e-02,-6.709955167025327682e-03,-8.040372282266616821e-03,1.016403827816247940e-02
1.788595799475350784e+18,1.788595790738891000e+15,-1.837203092873096466e-02,2.360227081226184964e-04,9.517669677734375000e-02,-6.450367160141468048e-03,-7.777868304401636124e-03,9.539867751300334930e-03
1.788595799544990720e+18,1.788595790754891000e+15,-1.809008046984672546e-02,5.217259749770164490e-04,9.433077275753021240e-02,-6.267151329666376114e-03,-7.560289930552244186e-03,9.138642810285091400e-03
1.788595799618478336e+18,1.788595790778891000e+15,-1.767650246620178223e-02,9.530126117169857025e-04,9.310524165630340576e-02,-6.028704810887575150e-03,-7.101450581103563309e-03,8.608687669038772583e-03
1.788595799642671360e+18,1.788595790794891000e+15,-1.739598996937274933e-02,1.260520075447857380e-03,9.230735898017883301e-02,-5.887417588382959366e-03,-6.845575757324695587e-03,8.226526901125907898e-03
1.788595799725985536e+18,1.788595790818891000e+15,-1.697095856070518494e-02,1.712571014650166035e-03,9.115187823772430420e-02,-5.659881047904491425e-03,-6.412961054593324661e-03,7.669361773878335953e-03
1.788595799787082496e+18,1.788595790834891000e+15,-1.666667312383651733e-02,2.016238868236541748e-03,9.038770198822021484e-02,-5.436399951577186584e-03,-6.181016564369201660e-03,7.458172272890806198e-03
1.788595799806161664e+18,1.788595790858891000e+15,-1.621957868337631226e-02,2.494614338502287865e-03,8.925157785415649414e-02,-5.118902772665023804e-03,-5.733979400247335434e-03,6.955757737159729004e-03
1.788595799871412480e+18,1.788595790874891000e+15,-1.593199931085109711e-02,2.814719686284661293e-03,8.851011097431182861e-02,-4.893471952527761459e-03,-5.459885112941265106e-03,6.757424678653478622e-03
1.788595799891159552e+18,1.788595790898891000e+15,-1.551042962819337845e-02,3.329702885821461678e-03,8.740508556365966797e-02,-4.641977604478597641e-03,-5.005006678402423859e-03,6.331268232315778732e-03
1.788595799983663872e+18,1.788595790914891000e+15,-1.524451561272144318e-02,3.674358129501342773e-03,8.664079010486602783e-02,-4.496228415518999100e-03,-4.710491746664047241e-03,6.001337897032499313e-03
1.788595800068386304e+18,1.788595790938891000e+15,-1.486664824187755585e-02,4.194053821265697479e-03,8.551809191703796387e-02,-4.320214968174695969e-03,-4.155154805630445480e-03,5.604041274636983871e-03
1.788595800086183424e+18,1.788595790954891000e+15,-1.463514845818281174e-02,4.547996446490287781e-03,8.474825322628021240e-02,-4.278571810573339462e-03,-3.800768172368407249e-03,5.342047195881605148e-03
1.788595800187158272e+18,1.788595790978891000e+15,-1.430420018732547760e-02,5.061813630163669586e-03,8.365085721015930176e-02,-4.160341806709766388e-03,-3.444685367867350578e-03,4.962610546499490738e-03
1.788595800207187456e+18,1.788595790994891000e+15,-1.409072894603013992e-02,5.396168678998947144e-03,8.294574916362762451e-02,-4.122633952647447586e-03,-3.210999537259340286e-03,4.730603657662868500e-03
1.788595800271926272e+18,1.788595791018891000e+15,-1.378744281828403473e-02,5.887482315301895142e-03,8.189249038696289062e-02,-4.024034831672906876e-03,-2.739763818681240082e-03,4.398528952151536942e-03
1.788595800342747136e+18,1.788595791034891000e+15,-1.359726302325725555e-02,6.205787882208824158e-03,8.121597766876220703e-02,-3.950843121856451035e-03,-2.408438362181186676e-03,4.119765479117631912e-03
1.788595800364813312e+18,1.788595791058891000e+15,-1.334155164659023285e-02,6.650081370025873184e-03,8.022791147232055664e-02,-3.921968862414360046e-03,-2.114195842295885086e-03,3.875134745612740517e-03
1.788595800458464256e+18,1.788595791074891000e+15,-1.318517699837684631e-02,6.932838819921016693e-03,7.960706949234008789e-02,-3.923857118934392929e-03,-1.936497399583458900e-03,3.636851208284497261e-03
1.788595800459129344e+18,1.788595791098891000e+15,-1.296159904450178146e-02,7.316394709050655365e-03,7.864563167095184326e-02,-3.903443692252039909e-03,-1.698567532002925873e-03,3.189937211573123932e-03
1.788595800534284544e+18,1.788595791114891000e+15,-1.282984204590320587e-02,7.561824750155210495e-03,7.802383601665496826e-02,-3.902920288965106010e-03,-1.536682830192148685e-03,2.965707564726471901e-03
1.788595800603343360e+18,1.788595791138891000e+15,-1.265818718820810318e-02,7.915466092526912689e-03,7.712319493293762207e-02,-3.971446771174669266e-03,-1.332636107690632343e-03,2.781882183626294136e-03
1.788595800620620800e+18,1.788595791154891000e+15,-1.256158202886581421e-02,8.142161183059215546e-03,7.652735710144042969e-02,-4.055306315422058105e-03,-1.173912314698100090e-03,2.524115145206451416e-03
1.788595800703546112e+18,1.788595791178891000e+15,-1.244415156543254852e-02,8.468954823911190033e-03,7.566812634468078613e-02,-4.080079961568117142e-03,-7.979050278663635254e-04,2.307520247995853424e-03
1.788595800710121472e+18,1.788595791194891000e+15,-1.238917652517557144e-02,8.678125217556953430e-03,7.512071728706359863e-02,-4.153098445385694504e-03,-6.343905115500092506e-04,2.266334136947989464e-03
1.788595800778209792e+18,1.788595791218891000e+15,-1.233138050884008408e-02,8.981124497950077057e-03,7.432092726230621338e-02,-4.246174823492765427e-03,-4.815881839022040367e-04,2.075552241876721382e-03
1.788595800848468736e+18,1.788595791234891000e+15,-1.230596657842397690e-02,9.175862185657024384e-03,7.381244003772735596e-02,-4.417069256305694580e-03,-2.918971586041152477e-04,1.910624327138066292e-03
1.788595800868578304e+18,1.788595791258891000e+15,-1.230637636035680771e-02,9.444758296012878418e-03,7.307519018650054932e-02,-4.473508335649967194e-03,-1.205980879603885114e-04,1.686974661424756050e-03
1.788595800935212288e+18,1.788595791274891000e+15,-1.231467537581920624e-02,9.626330807805061340e-03,7.260902225971221924e-02,-4.599630832672119141e-03,5.118428816786035895e-05,1.681086258031427860e-03
1.788595800954862848e+18,1.788595791298891000e+15,-1.234090887010097504e-02,9.905737824738025665e-03,7.195068895816802979e-02,-4.853320773690938950e-03,3.369422047398984432e-04,1.494914060458540916e-03
1.788595801034472448e+18,1.788595791314891000e+15,-1.238615624606609344e-02,1.011312846094369888e-02,7.152810692787170410e-02,-5.001998506486415863e-03,5.210317904129624367e-04,1.326136873103678226e-03
1.788595801102429184e+18,1.788595791338891000e+15,-1.246542576700448990e-02,1.041189115494489670e-02,7.093822956085205078e-02,-5.234652198851108551e-03,7.859696052037179470e-04,1.183661981485784054e-03
1.788595801122011136e+18,1.788595791354891000e+15,-1.252992078661918640e-02,1.063308212906122208e-02,7.054485380649566650e-02,-5.402094684541225433e-03,1.101228990592062473e-03,1.143710338510572910e-03
1.788595801189248256e+18,1.788595791378891000e+15,-1.264304481446743011e-02,1.096717547625303268e-02,6.997855007648468018e-02,-5.636912304908037186e-03,1.357280299998819828e-03,9.912441018968820572e-04
1.788595801208651776e+18,1.788595791394891000e+15,-1.273336354643106461e-02,1.119926385581493378e-02,6.962567567825317383e-02,-5.885782185941934586e-03,1.634008483961224556e-03,8.774883463047444820e-04
1.788595801268557056e+18,1.788595791418891000e+15,-1.286928914487361908e-02,1.156764384359121323e-02,6.912557780742645264e-02,-6.117142271250486374e-03,1.907067373394966125e-03,8.246265933848917484e-04
1.788595801331622400e+18,1.788595791434891000e+15,-1.296175178140401840e-02,1.181595399975776672e-02,6.881396472454071045e-02,-6.223351694643497467e-03,2.132578752934932709e-03,7.745058392174541950e-04
1.788595801351926528e+18,1.788595791458891000e+15,-1.308909058570861816e-02,1.223001349717378616e-02,6.840556859970092773e-02,-6.317175924777984619e-03,2.439785515889525414e-03,6.811843486502766609e-04
1.788595801420690176e+18,1.788595791474891000e+15,-1.317800395190715790e-02,1.253136713057756424e-02,6.816700100898742676e-02,-6.303911097347736359e-03,2.707053674384951591e-03,6.551591213792562485e-04
1.788595801484675328e+18,1.788595791498891000e+15,-1.331651210784912109e-02,1.302158180624246597e-02,6.785854697227478027e-02,-6.370517890900373459e-03,3.111303783953189850e-03,7.008851389400660992e-04
1.788595801507419648e+18,1.788595791514891000e+15,-1.339969225227832794e-02,1.340753678232431412e-02,6.768275797367095947e-02,-6.412427872419357300e-03,3.427311778068542480e-03,6.779290852136909962e-04
1.788595801569220096e+18,1.788595791538891000e+15,-1.351608801633119583e-02,1.399799715727567673e-02,6.744956970214843750e-02,-6.554548162966966629e-03,3.822107566520571709e-03,6.978975143283605576e-04
1.788595801589143808e+18,1.788595791554891000e+15,-1.357917673885822296e-02,1.442066486924886703e-02,6.731735169887542725e-02,-6.535120308399200439e-03,4.178945906460285187e-03,7.046825485303997993e-04
1.788595801657065472e+18,1.788595791578891000e+15,-1.364293973892927170e-02,1.508750207722187042e-02,6.715349853038787842e-02,-6.636231672018766403e-03,4.708590917289257050e-03,6.851712241768836975e-04
1.788595801718910208e+18,1.788595791594891000e+15,-1.367842964828014374e-02,1.553600654006004333e-02,6.706033647060394287e-02,-6.686259526759386063e-03,5.029927473515272141e-03,6.451287190429866314e-04
1.788595801734872320e+18,1.788595791618891000e+15,-1.370788551867008209e-02,1.620716042816638947e-02,6.696204841136932373e-02,-6.716042757034301758e-03,5.548934452235698700e-03,8.836795459501445293e-04
1.788595801798357760e+18,1.788595791634891000e+15,-1.372191403061151505e-02,1.664893701672554016e-02,6.691637635231018066e-02,-6.700604222714900970e-03,5.941244307905435562e-03,9.633671725168824196e-04
1.788595801818500096e+18,1.788595791658891000e+15,-1.371033303439617157e-02,1.731898821890354156e-02,6.690436601638793945e-02,-6.637293379753828049e-03,6.551205646246671677e-03,9.651123546063899994e-04
1.788595801880715520e+18,1.788595791674891000e+15,-1.368731446564197540e-02,1.776231639087200165e-02,6.693138182163238525e-02,-6.540342234075069427e-03,6.874977145344018936e-03,1.080584013834595680e-03
1.788595801938691584e+18,1.788595791698891000e+15,-1.363085955381393433e-02,1.842216029763221741e-02,6.702302396297454834e-02,-6.421549245715141296e-03,7.448896765708923340e-03,1.257846015505492687e-03
1.788595801957615104e+18,1.788595791714891000e+15,-1.359681040048599243e-02,1.882321760058403015e-02,6.707368791103363037e-02,-6.360374856740236282e-03,7.814074866473674774e-03,1.400387613102793694e-03
1.788595802019575808e+18,1.788595791738891000e+15,-1.356505975127220154e-02,1.940024644136428833e-02,6.717374920845031738e-02,-6.230743136256933212e-03,8.279637433588504791e-03,1.590784988366067410e-03
1.788595802038969088e+18,1.788595791754891000e+15,-1.356340944766998291e-02,1.976094767451286316e-02,6.725330650806427002e-02,-6.089974194765090942e-03,8.624095469713211060e-03,1.745829475112259388e-03
1.788595802106865408e+18,1.788595791778891000e+15,-1.356953196227550507e-02,2.027659304440021515e-02,6.737482547760009766e-02,-6.036456208676099777e-03,9.013356640934944153e-03,1.873311237432062626e-03
1.788595802167508480e+18,1.788595791794891000e+15,-1.357757672667503357e-02,2.060992084443569183e-02,6.746548414230346680e-02,-5.941918585449457169e-03,9.250123053789138794e-03,2.082908526062965393e-03
1.788595802187055616e+18,1.788595791818891000e+15,-1.356519572436809540e-02,2.105099894106388092e-02,6.762076914310455322e-02,-5.801891442388296127e-03,9.612574242055416107e-03,2.401839476078748703e-03
1.788595802250407168e+18,1.788595791834891000e+15,-1.355978660285472870e-02,2.132650092244148254e-02,6.772290170192718506e-02,-5.701401270925998688e-03,9.804340079426765442e-03,2.557599684223532677e-03
1.788595802270144768e+18,1.788595791858891000e+15,-1.355605106800794601e-02,2.171643637120723724e-02,6.784175336360931396e-02,-5.698412191122770309e-03,1.028069481253623962e-02,2.680455101653933525e-03
1.788595802328061184e+18,1.788595791874891000e+15,-1.356683019548654556e-02,2.196601592004299164e-02,6.789137423038482666e-02,-6.225337740033864975e-03,1.093268580734729767e-02,2.726984443143010139e-03
1.788595802386045440e+18,1.788595791898891000e+15,-1.359663810580968857e-02,2.232100255787372589e-02,6.796352565288543701e-02,-6.041755434125661850e-03,1.112694013863801956e-02,2.858966588973999023e-03
1.788595802406526464e+18,1.788595791914891000e+15,-1.362829748541116714e-02,2.251178212463855743e-02,6.797657907009124756e-02,-5.900325253605842590e-03,1.110511273145675659e-02,3.013583831489086151e-03
1.788595802466863616e+18,1.788595791938891000e+15,-1.367283053696155548e-02,2.278542146086692810e-02,6.800241768360137939e-02,-5.738879088312387466e-03,1.117496006190776825e-02,3.132345387712121010e-03
1.788595802486774784e+18,1.788595791954891000e+15,-1.370023097842931747e-02,2.294992655515670776e-02,6.803697347640991211e-02,-5.608202423900365829e-03,1.117780990898609161e-02,3.178953425958752632e-03
1.788595802556819968e+18,1.788595791978891000e+15,-1.375359576195478439e-02,2.318353019654750824e-02,6.810157001018524170e-02,-5.438698455691337585e-03,1.116628292948007584e-02,3.346574725583195686e-03
1.788595802623628544e+18,1.788595791994891000e+15,-1.379057671874761581e-02,2.333617955446243286e-02,6.814311444759368896e-02,-5.295616574585437775e-03,1.122393086552619934e-02,3.372697392478585243e-03
1.788595802642926080e+18,1.788595792018891000e+15,-1.385707035660743713e-02,2.353384345769882202e-02,6.818999350070953369e-02,-5.125948693603277206e-03,1.114336214959621429e-02,3.442101413384079933e-03
1.788595802718170368e+18,1.788595792034891000e+15,-1.391624100506305695e-02,2.364883571863174438e-02,6.820821762084960938e-02,-5.099840927869081497e-03,1.119829993695020676e-02,3.454470541328191757e-03
1.788595802726777600e+18,1.788595792058891000e+15,-1.402491796761751175e-02,2.379919774830341339e-02,6.822183728218078613e-02,-4.963005892932415009e-03,1.115472614765167236e-02,3.546139691025018692e-03
1.788595802792646912e+18,1.788595792074891000e+15,-1.411177404224872589e-02,2.386289276182651520e-02,6.819710135459899902e-02,-4.821844398975372314e-03,1.103781070560216904e-02,3.579246345907449722e-03
1.788595802850828544e+18,1.788595792098891000e+15,-1.423015631735324860e-02,2.393382973968982697e-02,6.813630461692810059e-02,-4.630246199667453766e-03,1.094045396894216537e-02,3.552058478817343712e-03
1.788595802870790912e+18,1.788595792114891000e+15,-1.429991703480482101e-02,2.394914999604225159e-02,6.803095340728759766e-02,-4.457310307770967484e-03,1.082108728587627411e-02,3.524056635797023773e-03
1.788595802940829184e+18,1.788595792138891000e+15,-1.440374925732612610e-02,2.395798265933990479e-02,6.786139309406280518e-02,-4.295053891837596893e-03,1.080033555626869202e-02,3.534468589350581169e-03
1.788595802992383232e+18,1.788595792154891000e+15,-1.447879523038864136e-02,2.393943071365356445e-02,6.772349774837493896e-02,-4.203569144010543823e-03,1.071897801011800766e-02,3.539844648912549019e-03
1.788595803012435200e+18,1.788595792178891000e+15,-1.457260828465223312e-02,2.386700734496116638e-02,6.747752428054809570e-02,-4.042863380163908005e-03,1.055320259183645248e-02,3.373197047039866447e-03
1.788595803067846912e+18,1.788595792194891000e+15,-1.462618075311183929e-02,2.380852028727531433e-02,6.730772554874420166e-02,-3.883838886395096779e-03,1.039160601794719696e-02,3.329349448904395103e-03
1.788595803087129600e+18,1.788595792218891000e+15,-1.470476575195789337e-02,2.364183589816093445e-02,6.693415343761444092e-02,-3.548000007867813110e-03,1.023576594889163971e-02,3.131502773612737656e-03
1.788595803149234944e+18,1.788595792234891000e+15,-1.475596148520708084e-02,2.352977916598320007e-02,6.667031347751617432e-02,-3.512090304866433144e-03,1.005310285836458206e-02,2.991389017552137375e-03
1.788595803210270464e+18,1.788595792258891000e+15,-1.483301632106304169e-02,2.335831150412559509e-02,6.627708673477172852e-02,-3.427048679441213608e-03,9.860846213996410370e-03,2.752840984612703323e-03
1.788595803228583424e+18,1.788595792274891000e+15,-1.487414818257093430e-02,2.323349565267562866e-02,6.601426005363464355e-02,-3.266510087996721268e-03,9.767147712409496307e-03,2.641150495037436485e-03
1.788595803290356224e+18,1.788595792298891000e+15,-1.493319217115640640e-02,2.304124832153320312e-02,6.563556194305419922e-02,-3.147107316181063652e-03,9.458663873374462128e-03,2.358092693611979485e-03
1.788595803310802688e+18,1.788595792314891000e+15,-1.497939601540565491e-02,2.290124446153640747e-02,6.541302800178527832e-02,-3.188479924574494362e-03,9.254602715373039246e-03,2.317829290404915810e-03
1.788595803371207936e+18,1.788595792338891000e+15,-1.507323328405618668e-02,2.269277721643447876e-02,6.506685912609100342e-02,-3.092402359470725060e-03,9.071758948266506195e-03,2.171296626329421997e-03
1.788595803431969536e+18,1.788595792354891000e+15,-1.514093950390815735e-02,2.255927957594394684e-02,6.483735144138336182e-02,-2.990287262946367264e-03,8.845731616020202637e-03,1.924146781675517559e-03
1.788595803451025664e+18,1.788595792378891000e+15,-1.525637786835432053e-02,2.236557938158512115e-02,6.445933878421783447e-02,-2.946877852082252502e-03,8.617803454399108887e-03,1.717014587484300137e-03
1.788595803510688256e+18,1.788595792394891000e+15,-1.532918028533458710e-02,2.224521338939666748e-02,6.422355771064758301e-02,-2.962137339636683464e-03,8.409601636230945587e-03,1.537692034617066383e-03
1.788595803528813824e+18,1.788595792418891000e+15,-1.543283835053443909e-02,2.208988741040229797e-02,6.383059918880462646e-02,-2.854384714737534523e-03,8.265954442322254181e-03,1.412745332345366478e-03
1.788595803595382528e+18,1.788595792434891000e+15,-1.549164298921823502e-02,2.199710719287395477e-02,6.356760859489440918e-02,-2.801094437018036842e-03,8.106228895485401154e-03,1.294553978368639946e-03
1.788595803657288960e+18,1.788595792458891000e+15,-1.556767430156469345e-02,2.187327109277248383e-02,6.316784024238586426e-02,-2.762249205261468887e-03,8.001834154129028320e-03,1.119609456509351730e-03
1.788595803674942976e+18,1.788595792474891000e+15,-1.558714546263217926e-02,2.179424837231636047e-02,6.288620829582214355e-02,-2.648750087246298790e-03,7.940800860524177551e-03,9.450361831113696098e-04
1.788595803734396928e+18,1.788595792498891000e+15,-1.561020873486995697e-02,2.169073000550270081e-02,6.248694658279418945e-02,-2.509531797841191292e-03,7.863496430218219757e-03,7.543644751422107220e-04
1.788595803754654208e+18,1.788595792514891000e+15,-1.562162395566701889e-02,2.163793146610260010e-02,6.218956410884857178e-02,-2.458731178194284439e-03,7.834978401660919189e-03,6.785401492379605770e-04
1.788595803818818560e+18,1.788595792538891000e+15,-1.563077419996261597e-02,2.153392136096954346e-02,6.179849803447723389e-02,-2.426525112241506577e-03,7.639716845005750656e-03,6.069223163649439812e-04
1.788595803877177600e+18,1.788595792554891000e+15,-1.563513837754726410e-02,2.146000228822231293e-02,6.156034767627716064e-02,-2.395255956798791885e-03,7.515655364841222763e-03,6.488034268841147423e-04
1.788595803896403456e+18,1.788595792578891000e+15,-1.563407108187675476e-02,2.132119983434677124e-02,6.127561628818511963e-02,-2.350128488615155220e-03,7.403082214295864105e-03,6.509373779408633709e-04
1.788595803959096576e+18,1.788595792594891000e+15,-1.563704758882522583e-02,2.122545428574085236e-02,6.111913919448852539e-02,-2.330017974600195885e-03,7.286216598004102707e-03,5.594186950474977493e-04
1.788595803979244032e+18,1.788595792618891000e+15,-1.564718969166278839e-02,2.107609249651432037e-02,6.091856956481933594e-02,-2.284403191879391670e-03,7.071596104651689529e-03,3.669948782771825790e-04
1.788595804047967744e+18,1.788595792634891000e+15,-1.569140702486038208e-02,2.097690105438232422e-02,6.080384552478790283e-02,-2.257900545373558998e-03,6.945946253836154938e-03,2.436500071780756116e-04
1.788595804108941568e+18,1.788595792658891000e+15,-1.575870811939239502e-02,2.084081806242465973e-02,6.063543260097503662e-02,-2.367992186918854713e-03,6.821249146014451981e-03,2.925659646280109882e-04
1.788595804128482304e+18,1.788595792674891000e+15,-1.581454835832118988e-02,2.074792608618736267e-02,6.052500009536743164e-02,-2.466257428750395775e-03,6.801352836191654205e-03,3.276963252574205399e-04
1.788595804185212928e+18,1.788595792698891000e+15,-1.590070873498916626e-02,2.061061188578605652e-02,6.038595736026763916e-02,-2.528184093534946442e-03,6.666166242212057114e-03,4.150459135416895151e-04
1.788595804205395200e+18,1.788595792714891000e+15,-1.596050523221492767e-02,2.051318250596523285e-02,6.032544374465942383e-02,-2.542770933359861374e-03,6.552197504788637161e-03,4.598216910380870104e-04
1.788595804261351424e+18,1.788595792738891000e+15,-1.606982201337814331e-02,2.035850845277309418e-02,6.027615070343017578e-02,-2.568537835031747818e-03,6.267377175390720367e-03,6.571428384631872177e-04
1.788595804320699136e+18,1.788595792754891000e+15,-1.614926569163799286e-02,2.025556005537509918e-02,6.026145815849304199e-02,-2.636776305735111237e-03,6.131429690867662430e-03,6.909483345225453377e-04
1.788595804340223744e+18,1.788595792778891000e+15,-1.626260019838809967e-02,2.003603428602218628e-02,6.026884913444519043e-02,-2.696651266887784004e-03,6.052442360669374466e-03,6.962016341276466846e-04
1.788595804398075136e+18,1.788595792794891000e+15,-1.633985340595245361e-02,1.989107206463813782e-02,6.027975678443908691e-02,-2.710740547627210617e-03,5.953346379101276398e-03,6.253145984373986721e-04
1.788595804455468544e+18,1.788595792818891000e+15,-1.645825058221817017e-02,1.967304944992065430e-02,6.023645401000976562e-02,-2.776408102363348007e-03,5.678128451108932495e-03,6.766400765627622604e-04
1.788595804474577152e+18,1.788595792834891000e+15,-1.651373878121376038e-02,1.950912177562713623e-02,6.020425260066986084e-02,-2.772624837234616280e-03,5.521310027688741684e-03,7.006592932157218456e-04
1.788595804543272960e+18,1.788595792858891000e+15,-1.659341529011726379e-02,1.927238330245018005e-02,6.019586324691772461e-02,-2.768188482150435448e-03,5.304459482431411743e-03,7.947421399876475334e-04
1.788595804547277056e+18,1.788595792874891000e+15,-1.664096489548683167e-02,1.911638490855693817e-02,6.023477017879486084e-02,-2.738579874858260155e-03,5.191696342080831528e-03,8.317325264215469360e-04
1.788595804609240320e+18,1.788595792898891000e+15,-1.671053655445575714e-02,1.889361441135406494e-02,6.032234430313110352e-02,-2.664519008249044418e-03,5.040924996137619019e-03,8.312881691381335258e-04
1.788595804672777216e+18,1.788595792914891000e+15,-1.675658673048019409e-02,1.875421591103076935e-02,6.042416393756866455e-02,-2.666207961738109589e-03,4.960703197866678238e-03,8.281920454464852810e-04
1.788595804689375232e+18,1.788595792938891000e+15,-1.684471778571605682e-02,1.854369789361953735e-02,6.060084700584411621e-02,-2.782598603516817093e-03,4.776781890541315079e-03,9.747646399773657322e-04
1.788595804748742144e+18,1.788595792954891000e+15,-1.691002398729324341e-02,1.840733736753463745e-02,6.073708832263946533e-02,-2.785515040159225464e-03,4.688015207648277283e-03,1.105442061088979244e-03
1.788595804768038912e+18,1.788595792978891000e+15,-1.698403432965278625e-02,1.814710348844528198e-02,6.099128723144531250e-02,-2.833022270351648331e-03,4.494091495871543884e-03,1.179722137749195099e-03
1.788595804823290368e+18,1.788595792994891000e+15,-1.702355593442916870e-02,1.796836033463478088e-02,6.114965677261352539e-02,-2.925080247223377228e-03,4.390204325318336487e-03,1.268957392312586308e-03
1.788595804891880960e+18,1.788595793018891000e+15,-1.706918701529502869e-02,1.769545115530490875e-02,6.138026714324951172e-02,-2.928998321294784546e-03,4.290849436074495316e-03,1.458173966966569424e-03
1.788595804911575296e+18,1.788595793034891000e+15,-1.708254031836986542e-02,1.749566383659839630e-02,6.151469051837921143e-02,-2.951432717964053154e-03,4.198754671961069107e-03,1.546978135593235493e-03
1.788595804990529536e+18,1.788595793058891000e+15,-1.708703301846981049e-02,1.720339059829711914e-02,6.171792745590209961e-02,-2.975172828882932663e-03,4.069969523698091507e-03,1.640864531509578228e-03
1.788595804995210752e+18,1.788595793074891000e+15,-1.706646941602230072e-02,1.700631529092788696e-02,6.185640394687652588e-02,-2.974864328280091286e-03,4.029323346912860870e-03,1.686772564426064491e-03
1.788595805059536384e+18,1.788595793098891000e+15,-1.699252054095268250e-02,1.671274565160274506e-02,6.205491721630096436e-02,-2.884026849642395973e-03,3.898223396390676498e-03,1.792580471374094486e-03
1.788595805119101440e+18,1.788595793114891000e+15,-1.693211495876312256e-02,1.652269065380096436e-02,6.221306324005126953e-02,-2.806102158501744270e-03,3.758548991754651070e-03,1.787169137969613075e-03
1.788595805139250688e+18,1.788595793138891000e+15,-1.680766791105270386e-02,1.625713519752025604e-02,6.242533028125762939e-02,-2.711552195250988007e-03,3.538907971233129501e-03,1.864577527157962322e-03
1.788595805200638464e+18,1.788595793154891000e+15,-1.671126298606395721e-02,1.609742268919944763e-02,6.255345046520233154e-02,-2.587352646514773369e-03,3.543946426361799240e-03,1.915942179039120674e-03
1.788595805220100864e+18,1.788595793178891000e+15,-1.654788665473461151e-02,1.588165387511253357e-02,6.272852420806884766e-02,-2.536366460844874382e-03,3.376422682777047157e-03,2.055442193523049355e-03
1.788595805279129600e+18,1.788595793194891000e+15,-1.643158681690692902e-02,1.574261672794818878e-02,6.283932924270629883e-02,-2.519998000934720039e-03,3.296799957752227783e-03,2.135232090950012207e-03
1.788595805337306624e+18,1.788595793218891000e+15,-1.624592766165733337e-02,1.554234512150287628e-02,6.300738453865051270e-02,-2.398900920525193214e-03,3.197164274752140045e-03,2.181689254939556122e-03
1.788595805356664320e+18,1.788595793234891000e+15,-1.611227355897426605e-02,1.538240630179643631e-02,6.311398744583129883e-02,-2.300908556208014488e-03,3.086526179686188698e-03,2.215256914496421814e-03
1.788595805414179840e+18,1.788595793258891000e+15,-1.592167280614376068e-02,1.514541544020175934e-02,6.327240169048309326e-02,-2.176013309508562088e-03,2.953450893983244896e-03,2.302300184965133667e-03
1.788595805433459968e+18,1.788595793274891000e+15,-1.579772867262363434e-02,1.498182676732540131e-02,6.337752938270568848e-02,-2.079027472063899040e-03,2.790039405226707458e-03,2.387781161814928055e-03
1.788595805494737408e+18,1.788595793298891000e+15,-1.562166586518287659e-02,1.473879441618919373e-02,6.351692974567413330e-02,-2.074576681479811668e-03,2.437635324895381927e-03,2.418548567220568657e-03
1.788595805562671616e+18,1.788595793314891000e+15,-1.551201287657022476e-02,1.458090543746948242e-02,6.362868845462799072e-02,-2.078694757074117661e-03,2.272529061883687973e-03,2.402123995125293732e-03
1.788595805582732288e+18,1.788595793338891000e+15,-1.535739470273256302e-02,1.434481702744960785e-02,6.374298036098480225e-02,-2.050678711384534836e-03,2.076769247651100159e-03,2.323568332940340042e-03
1.788595805644537600e+18,1.788595793354891000e+15,-1.526540517807006836e-02,1.419994700700044632e-02,6.381326913833618164e-02,-1.960856374353170395e-03,1.933738472871482372e-03,2.318335464224219322e-03
1.788595805664538112e+18,1.788595793378891000e+15,-1.514112390577793121e-02,1.400166377425193787e-02,6.391187012195587158e-02,-1.876541879028081894e-03,1.891413587145507336e-03,2.318246057257056236e-03
1.788595805721500928e+18,1.788595793394891000e+15,-1.507713273167610168e-02,1.390000898391008377e-02,6.395420432090759277e-02,-1.903765718452632427e-03,1.839630771428346634e-03,2.410294953733682632e-03
1.788595805779943424e+18,1.788595793418891000e+15,-1.500201504677534103e-02,1.377594005316495895e-02,6.401388347148895264e-02,-1.938722562044858932e-03,1.813948969356715679e-03,2.407722640782594681e-03
1.788595805800130304e+18,1.788595793434891000e+15,-1.497288141399621964e-02,1.372230146080255508e-02,6.403467059135437012e-02,-1.876253634691238403e-03,1.772658666595816612e-03,2.260625362396240234e-03
1.788595805864495360e+18,1.788595793458891000e+15,-1.492980495095252991e-02,1.366269122809171677e-02,6.404837965965270996e-02,-1.859270152635872364e-03,1.746196998283267021e-03,2.285796683281660080e-03
1.788595805926226176e+18,1.788595793474891000e+15,-1.490010600537061691e-02,1.364431623369455338e-02,6.403660774230957031e-02,-1.903098542243242264e-03,1.649617450311779976e-03,2.230570651590824127e-03
1.788595805946281728e+18,1.788595793498891000e+15,-1.483571529388427734e-02,1.361241657286882401e-02,6.402219831943511963e-02,-1.849358901381492615e-03,1.616240013390779495e-03,2.241929760202765465e-03
1.788595806004367360e+18,1.788595793514891000e+15,-1.478905044496059418e-02,1.359125226736068726e-02,6.403931975364685059e-02,-1.841636723838746548e-03,1.572637236677110195e-03,2.277793595567345619e-03
1.788595806024027904e+18,1.788595793538891000e+15,-1.465539820492267609e-02,1.359406579285860062e-02,6.403276324272155762e-02,-1.638707937672734261e-03,1.549132401123642921e-03,2.380539895966649055e-03
1.788595806086215168e+18,1.788595793554891000e+15,-1.456070877611637115e-02,1.361259631812572479e-02,6.403143703937530518e-02,-1.617118366993963718e-03,1.627153716981410980e-03,2.411473076790571213e-03
1.788595806149329152e+18,1.788595793578891000e+15,-1.441233605146408081e-02,1.366381533443927765e-02,6.403386592864990234e-02,-1.423839014023542404e-03,1.579309930093586445e-03,2.484079683199524879e-03
1.788595806171909632e+18,1.788595793594891000e+15,-1.432097703218460083e-02,1.374171394854784012e-02,6.401927769184112549e-02,-1.338163740001618862e-03,1.671390957199037075e-03,2.589209936559200287e-03
1.788595806233192448e+18,1.788595793618891000e+15,-1.419469621032476425e-02,1.387152913957834244e-02,6.400667130947113037e-02,-1.249977853149175644e-03,1.803521765395998955e-03,2.586084883660078049e-03
1.788595806252743680e+18,1.788595793634891000e+15,-1.411812286823987961e-02,1.397663261741399765e-02,6.399035453796386719e-02,-1.221455633640289307e-03,1.937146065756678581e-03,2.542790025472640991e-03
1.788595806306886656e+18,1.788595793658891000e+15,-1.401649601757526398e-02,1.416007056832313538e-02,6.394295394420623779e-02,-1.215370255522429943e-03,2.100571990013122559e-03,2.646072302013635635e-03
1.788595806371974400e+18,1.788595793674891000e+15,-1.395580358803272247e-02,1.429023314267396927e-02,6.390850245952606201e-02,-1.190997310914099216e-03,2.222527749836444855e-03,2.570003736764192581e-03
1.788595806390145536e+18,1.788595793698891000e+15,-1.391570456326007843e-02,1.450706087052822113e-02,6.386326253414154053e-02,-1.135343569330871105e-03,2.396998694166541100e-03,2.661748090758919716e-03
1.788595806472838400e+18,1.788595793714891000e+15,-1.389167923480272293e-02,1.465005800127983093e-02,6.380887329578399658e-02,-1.108585274778306484e-03,2.565360628068447113e-03,2.657690085470676422e-03
1.788595806478948864e+18,1.788595793738891000e+15,-1.387421879917383194e-02,1.484691072255373001e-02,6.368987262248992920e-02,-1.121085253544151783e-03,2.709402469918131828e-03,2.750540385022759438e-03
1.788595806539538432e+18,1.788595793754891000e+15,-1.385725662112236023e-02,1.498298160731792450e-02,6.360471248626708984e-02,-1.083933981135487556e-03,2.833412960171699524e-03,2.660800004377961159e-03
1.788595806593321984e+18,1.788595793778891000e+15,-1.382470224052667618e-02,1.519373711198568344e-02,6.346787512302398682e-02,-1.042405841872096062e-03,2.990428823977708817e-03,2.596559934318065643e-03
1.788595806611477504e+18,1.788595793794891000e+15,-1.380089763551950455e-02,1.534429378807544708e-02,6.337454915046691895e-02,-1.061081769876182079e-03,3.139978041872382164e-03,2.549147699028253555e-03
1.788595806695801088e+18,1.788595793818891000e+15,-1.377077959477901459e-02,1.556693390011787415e-02,6.323264539241790771e-02,-1.048766542226076126e-03,3.438112325966358185e-03,2.555270446464419365e-03
1.788595806701393920e+18,1.788595793834891000e+15,-1.375449262559413910e-02,1.571098342537879944e-02,6.313802301883697510e-02,-1.067484961822628975e-03,3.588586114346981049e-03,2.583731897175312042e-03
1.788595806768814848e+18,1.788595793858891000e+15,-1.372495666146278381e-02,1.590558700263500214e-02,6.297965347766876221e-02,-1.092902035452425480e-03,3.792410250753164291e-03,2.688881242647767067e-03
1.788595806843542272e+18,1.788595793874891000e+15,-1.370548922568559647e-02,1.602817326784133911e-02,6.286521255970001221e-02,-1.054827240295708179e-03,3.839532379060983658e-03,2.748497063294053078e-03
1.788595806849135872e+18,1.788595793898891000e+15,-1.367736048996448517e-02,1.617862097918987274e-02,6.268060207366943359e-02,-1.037925132550299168e-03,3.958566114306449890e-03,2.816714346408843994e-03
1.788595806918997760e+18,1.788595793914891000e+15,-1.366556715220212936e-02,1.627004891633987427e-02,6.254631280899047852e-02,-1.097032683901488781e-03,4.044811241328716278e-03,2.812300808727741241e-03
1.788595806925703680e+18,1.788595793938891000e+15,-1.365811750292778015e-02,1.639448478817939758e-02,6.234058737754821777e-02,-1.146514317952096462e-03,4.052619915455579758e-03,2.795751672238111496e-03
1.788595806989669632e+18,1.788595793954891000e+15,-1.366425957530736923e-02,1.646361127495765686e-02,6.220582127571105957e-02,-1.210886985063552856e-03,4.031023941934108734e-03,2.776327077299356461e-03
1.788595807047121664e+18,1.788595793978891000e+15,-1.367819961160421371e-02,1.657044887542724609e-02,6.204147636890411377e-02,-1.203808933496475220e-03,4.158751107752323151e-03,2.758934395387768745e-03
1.788595807066490880e+18,1.788595793994891000e+15,-1.370468735694885254e-02,1.662757433950901031e-02,6.191350519657135010e-02,-1.315327826887369156e-03,4.215071909129619598e-03,2.770761027932167053e-03
1.788595807132658688e+18,1.788595794018891000e+15,-1.377525366842746735e-02,1.669844612479209900e-02,6.172876060009002686e-02,-1.616272609680891037e-03,4.307806491851806641e-03,2.772423438727855682e-03
1.788595807152397568e+18,1.788595794034891000e+15,-1.385664287954568863e-02,1.672307588160037994e-02,6.159897148609161377e-02,-1.849614665843546391e-03,4.368899855762720108e-03,2.725783502683043480e-03
1.788595807205548544e+18,1.788595794058891000e+15,-1.398961059749126434e-02,1.672155596315860748e-02,6.141407787799835205e-02,-2.014748984947800636e-03,4.392564296722412109e-03,2.739394549280405045e-03
1.788595807281536256e+18,1.788595794074891000e+15,-1.408223621547222137e-02,1.671079173684120178e-02,6.129527091979980469e-02,-2.124490449205040932e-03,4.403491970151662827e-03,2.801307942718267441e-03
1.788595807285433856e+18,1.788595794098891000e+15,-1.421711314469575882e-02,1.669836975634098053e-02,6.111814081668853760e-02,-2.384248655289411545e-03,4.430198110640048981e-03,2.794371452182531357e-03
1.788595807357456640e+18,1.788595794114891000e+15,-1.431419234722852707e-02,1.670107245445251465e-02,6.102757155895233154e-02,-2.506658434867858887e-03,4.380302038043737411e-03,2.849144395440816879e-03
1.788595807404725248e+18,1.788595794138891000e+15,-1.447029411792755127e-02,1.671912893652915955e-02,6.089007854461669922e-02,-2.736468799412250519e-03,4.301329143345355988e-03,2.963699167594313622e-03
1.788595807423424000e+18,1.788595794154891000e+15,-1.459660939872264862e-02,1.676841266453266144e-02,6.076221168041229248e-02,-2.996289404109120369e-03,4.384219646453857422e-03,2.980132587254047394e-03
1.788595807479653376e+18,1.788595794178891000e+15,-1.480216812342405319e-02,1.686771400272846222e-02,6.056377291679382324e-02,-3.125243354588747025e-03,4.450093954801559448e-03,3.062970237806439400e-03
1.788595807499956480e+18,1.788595794194891000e+15,-1.495722960680723190e-02,1.696350052952766418e-02,6.043592095375061035e-02,-3.290921682491898537e-03,4.510506056249141693e-03,3.050846513360738754e-03
1.788595807565371904e+18,1.788595794218891000e+15,-1.521493121981620789e-02,1.713906414806842804e-02,6.030158698558807373e-02,-3.618838964030146599e-03,4.731026012450456619e-03,3.183889202773571014e-03
1.788595807627341312e+18,1.788595794234891000e+15,-1.539495028555393219e-02,1.726713776588439941e-02,6.023649871349334717e-02,-3.774011507630348206e-03,4.814885091036558151e-03,3.238364588469266891e-03
1.788595807646199296e+18,1.788595794258891000e+15,-1.565571688115596771e-02,1.748567447066307068e-02,6.018781661987304688e-02,-3.953600302338600159e-03,5.031077656894922256e-03,3.313357941806316376e-03
1.788595807701204224e+18,1.788595794274891000e+15,-1.582569628953933716e-02,1.764052547514438629e-02,6.019450724124908447e-02,-4.060833249241113663e-03,5.125870928168296814e-03,3.286775900050997734e-03
1.788595807720458496e+18,1.788595794298891000e+15,-1.608649268746376038e-02,1.788351126015186310e-02,6.022807955741882324e-02,-4.389109089970588684e-03,5.331164691597223282e-03,3.392677521333098412e-03
1.788595807773287424e+18,1.788595794314891000e+15,-1.627914607524871826e-02,1.803638972342014313e-02,6.028997898101806641e-02,-4.611660726368427277e-03,5.400296300649642944e-03,3.383483039215207100e-03
1.788595807834128640e+18,1.788595794338891000e+15,-1.659444160759449005e-02,1.825366169214248657e-02,6.038577854633331299e-02,-4.957963712513446808e-03,5.590406246483325958e-03,3.483258886262774467e-03
1.788595807853033216e+18,1.788595794354891000e+15,-1.681241765618324280e-02,1.838301494717597961e-02,6.044928729534149170e-02,-5.032997578382492065e-03,5.725935567170381546e-03,3.625727957114577293e-03
1.788595807911960064e+18,1.788595794378891000e+15,-1.714291051030158997e-02,1.856254041194915771e-02,6.055067479610443115e-02,-5.224004853516817093e-03,5.912688560783863068e-03,3.569223918020725250e-03
1.788595807931307008e+18,1.788595794394891000e+15,-1.737174950540065765e-02,1.866049319505691528e-02,6.062866747379302979e-02,-5.387095734477043152e-03,5.992112215608358383e-03,3.583721350878477097e-03
1.788595807995597568e+18,1.788595794418891000e+15,-1.770249940454959869e-02,1.876244507730007172e-02,6.075161695480346680e-02,-5.726599134504795074e-03,6.050289608538150787e-03,3.687989199534058571e-03
1.788595808053178880e+18,1.788595794434891000e+15,-1.791855692863464355e-02,1.881734654307365417e-02,6.083677709102630615e-02,-5.895832087844610214e-03,6.089193746447563171e-03,3.691929858177900314e-03
1.788595808072479488e+18,1.788595794458891000e+15,-1.819639652967453003e-02,1.881870068609714508e-02,6.097847223281860352e-02,-6.235944107174873352e-03,6.053431425243616104e-03,3.846630454063415527e-03
1.788595808136320000e+18,1.788595794474891000e+15,-1.838508993387222290e-02,1.880782283842563629e-02,6.106133759021759033e-02,-6.423764396458864212e-03,6.082718726247549057e-03,3.906346391886472702e-03
1.788595808156766464e+18,1.788595794498891000e+15,-1.867235265672206879e-02,1.877431385219097137e-02,6.119582056999206543e-02,-6.743288133293390274e-03,6.019371096044778824e-03,4.046299494802951813e-03
1.788595808215356160e+18,1.788595794514891000e+15,-1.887197606265544891e-02,1.871820725500583649e-02,6.124520301818847656e-02,-6.846403237432241440e-03,5.945695564150810242e-03,4.112095572054386139e-03
1.788595808271010048e+18,1.788595794538891000e+15,-1.918192766606807709e-02,1.858600229024887085e-02,6.132361292839050293e-02,-7.122003473341464996e-03,5.791756790131330490e-03,4.310496151447296143e-03
1.788595808290320384e+18,1.788595794554891000e+15,-1.945159956812858582e-02,1.844274438917636871e-02,6.138515472412109375e-02,-7.388087920844554901e-03,5.637067370116710663e-03,4.314467310905456543e-03
1.788595808353139200e+18,1.788595794578891000e+15,-1.988183334469795227e-02,1.821646653115749359e-02,6.149098277091979980e-02,-7.674406282603740692e-03,5.446725059300661087e-03,4.433751106262207031e-03
1.788595808372883456e+18,1.788595794594891000e+15,-2.020309492945671082e-02,1.804306171834468842e-02,6.156225502490997314e-02,-7.946160621941089630e-03,5.267672240734100342e-03,4.376562777906656265e-03
1.788595808432826368e+18,1.788595794618891000e+15,-2.073059417307376862e-02,1.773602887988090515e-02,6.167533993721008301e-02,-8.343921042978763580e-03,5.013003014028072357e-03,4.459509160369634628e-03
1.788595808490302976e+18,1.788595794634891000e+15,-2.109548263251781464e-02,1.752138324081897736e-02,6.175434589385986328e-02,-8.629734627902507782e-03,4.808270838111639023e-03,4.562486894428730011e-03
1.788595808510552832e+18,1.788595794658891000e+15,-2.167170681059360504e-02,1.715308986604213715e-02,6.188163161277770996e-02,-9.042094461619853973e-03,4.392507486045360565e-03,4.595925100147724152e-03
1.788595808565103104e+18,1.788595794674891000e+15,-2.206311933696269989e-02,1.689858362078666687e-02,6.197443604469299316e-02,-9.331614710390567780e-03,4.060436040163040161e-03,4.693033639341592789e-03
1.788595808585050624e+18,1.788595794698891000e+15,-2.266152948141098022e-02,1.650367677211761475e-02,6.212462484836578369e-02,-9.787494316697120667e-03,3.626047866418957710e-03,4.628533031791448593e-03
1.788595808638744576e+18,1.788595794714891000e+15,-2.308641746640205383e-02,1.620491035282611847e-02,6.225875020027160645e-02,-1.003903709352016449e-02,3.264098893851041794e-03,4.632632248103618622e-03
1.788595808695234048e+18,1.788595794738891000e+15,-2.373487688601016998e-02,1.576248928904533386e-02,6.245213747024536133e-02,-1.049270294606685638e-02,2.853707410395145416e-03,4.707556683570146561e-03
1.788595808714362880e+18,1.788595794754891000e+15,-2.418724820017814636e-02,1.546567399054765701e-02,6.256364285945892334e-02,-1.070274319499731064e-02,2.598511055111885071e-03,4.747158382087945938e-03
1.788595808773439232e+18,1.788595794778891000e+15,-2.485972456634044647e-02,1.502526085823774338e-02,6.270428001880645752e-02,-1.106806844472885132e-02,2.259740838780999184e-03,4.726022016257047653e-03
1.788595808843548672e+18,1.788595794794891000e+15,-2.530932798981666565e-02,1.472515799105167389e-02,6.277914345264434814e-02,-1.132086105644702911e-02,1.984419301152229309e-03,4.809873178601264954e-03
1.788595808861803008e+18,1.788595794818891000e+15,-2.595200948417186737e-02,1.429719757288694382e-02,6.283923983573913574e-02,-1.161370426416397095e-02,1.559708965942263603e-03,4.805161152034997940e-03
1.788595808921038080e+18,1.788595794834891000e+15,-2.636644244194030762e-02,1.402327232062816620e-02,6.286454200744628906e-02,-1.192495133727788925e-02,1.327638397924602032e-03,4.793331027030944824e-03
1.788595808940462336e+18,1.788595794858891000e+15,-2.693677321076393127e-02,1.361008733510971069e-02,6.280553340911865234e-02,-1.216720510274171829e-02,8.748500840738415718e-04,4.701783414930105209e-03
1.788595809009660160e+18,1.788595794874891000e+15,-2.729910053312778473e-02,1.334173791110515594e-02,6.275448203086853027e-02,-1.229684427380561829e-02,6.827859906479716301e-04,4.670670256018638611e-03
1.788595809068252160e+18,1.788595794898891000e+15,-2.781882137060165405e-02,1.295183133333921432e-02,6.265334784984588623e-02,-1.264110580086708069e-02,3.512002294883131981e-04,4.663991741836071014e-03
1.788595809089790976e+18,1.788595794914891000e+15,-2.814128249883651733e-02,1.269090268760919571e-02,6.252431869506835938e-02,-1.274247746914625168e-02,1.079713692888617516e-04,4.550746642053127289e-03
1.788595809161496832e+18,1.788595794938891000e+15,-2.860596030950546265e-02,1.230142917484045029e-02,6.231647729873657227e-02,-1.299845799803733826e-02,-2.504628500901162624e-04,4.371137358248233795e-03
1.788595809171670016e+18,1.788595794954891000e+15,-2.889450080692768097e-02,1.203660294413566589e-02,6.214901804924011230e-02,-1.307171490043401718e-02,-4.996615462005138397e-04,4.257775377482175827e-03
1.788595809229756416e+18,1.788595794978891000e+15,-2.929943054914474487e-02,1.163185387849807739e-02,6.188164651393890381e-02,-1.324244588613510132e-02,-7.707527838647365570e-04,4.157142713665962219e-03
1.788595809300255744e+18,1.788595794994891000e+15,-2.956061437726020813e-02,1.136279664933681488e-02,6.170554459095001221e-02,-1.337312068790197372e-02,-1.079323934391140938e-03,4.041783045977354050e-03
1.788595809317200128e+18,1.788595795018891000e+15,-2.989673241972923279e-02,1.095770951360464096e-02,6.142000854015350342e-02,-1.351335551589727402e-02,-1.448248745873570442e-03,3.865314414724707603e-03
1.788595809398445824e+18,1.788595795034891000e+15,-3.012100234627723694e-02,1.069581136107444763e-02,6.124742329120635986e-02,-1.362471468746662140e-02,-1.635666936635971069e-03,3.850103123113512993e-03
1.788595809403990272e+18,1.788595795058891000e+15,-3.039296343922615051e-02,1.033445913344621658e-02,6.095167994499206543e-02,-1.362822297960519791e-02,-1.874080859124660492e-03,3.768487600609660149e-03
1.788595809465161216e+18,1.788595795074891000e+15,-3.055768460035324097e-02,1.009769551455974579e-02,6.075553596019744873e-02,-1.357118878513574600e-02,-2.050049835816025734e-03,3.699954133480787277e-03
1.788595809522544128e+18,1.788595795098891000e+15,-3.078052960336208344e-02,9.749452583491802216e-03,6.045478582382202148e-02,-1.353811472654342651e-02,-2.235956722870469093e-03,3.534318413585424423e-03
1.788595809543320320e+18,1.788595795114891000e+15,-3.088501095771789551e-02,9.521264582872390747e-03,6.025172770023345947e-02,-1.342661492526531219e-02,-2.401337027549743652e-03,3.334705019369721413e-03
1.788595809623448832e+18,1.788595795138891000e+15,-3.102088533341884613e-02,9.202206507325172424e-03,5.996564030647277832e-02,-1.321643684059381485e-02,-2.517453860491514206e-03,3.195447148755192757e-03
1.788595809626872064e+18,1.788595795154891000e+15,-3.108350746333599091e-02,9.012068621814250946e-03,5.978785455226898193e-02,-1.311562862247228622e-02,-2.617487683892250061e-03,3.114145016297698021e-03
1.788595809698331392e+18,1.788595795178891000e+15,-3.112932853400707245e-02,8.773156441748142242e-03,5.952605605125427246e-02,-1.283975876867771149e-02,-2.708039013668894768e-03,3.034698776900768280e-03
1.788595809780696832e+18,1.788595795194891000e+15,-3.114585392177104950e-02,8.630594238638877869e-03,5.935905873775482178e-02,-1.272918749600648880e-02,-2.830372191965579987e-03,3.039527684450149536e-03
1.788595809781865984e+18,1.788595795218891000e+15,-3.110799193382263184e-02,8.470513857901096344e-03,5.909556150436401367e-02,-1.240910496562719345e-02,-2.954691182821989059e-03,2.908265916630625725e-03
1.788595809833382144e+18,1.788595795234891000e+15,-3.107849322259426117e-02,8.383531123399734497e-03,5.892433226108551025e-02,-1.224591303616762161e-02,-3.040286246687173843e-03,2.823582617565989494e-03
1.788595809852892928e+18,1.788595795258891000e+15,-3.102801740169525146e-02,8.278924040496349335e-03,5.868093669414520264e-02,-1.192205771803855896e-02,-3.091660561040043831e-03,2.765099285170435905e-03
1.788595809925964032e+18,1.788595795274891000e+15,-3.099363856017589569e-02,8.241429924964904785e-03,5.852590501308441162e-02,-1.168263517320156097e-02,-3.002139041200280190e-03,2.719427924603223801e-03
1.788595810031301120e+18,1.788595795298891000e+15,-3.094804473221302032e-02,8.189685642719268799e-03,5.830900371074676514e-02,-1.149523165076971054e-02,-2.897905884310603142e-03,2.581161912530660629e-03
1.788595810032035840e+18,1.788595795314891000e+15,-3.088833577930927277e-02,8.186072111129760742e-03,5.815839767456054688e-02,-1.132735796272754669e-02,-2.928457688540220261e-03,2.497758483514189720e-03
1.788595810095135744e+18,1.788595795338891000e+15,-3.079585172235965729e-02,8.182896301150321960e-03,5.794474482536315918e-02,-1.104494649916887283e-02,-2.961530350148677826e-03,2.469660714268684387e-03
1.788595810114955776e+18,1.788595795354891000e+15,-3.072438202798366547e-02,8.184704929590225220e-03,5.780887603759765625e-02,-1.076094806194305420e-02,-2.860333304852247238e-03,2.380582038313150406e-03
1.788595810169060352e+18,1.788595795378891000e+15,-3.060107491910457611e-02,8.196021430194377899e-03,5.760246515274047852e-02,-1.050496473908424377e-02,-2.749647246673703194e-03,2.340605016797780991e-03
1.788595810229482240e+18,1.788595795394891000e+15,-3.051787614822387695e-02,8.206912316381931305e-03,5.746877193450927734e-02,-1.032251305878162384e-02,-2.655823482200503349e-03,2.247144002467393875e-03
1.788595810248707328e+18,1.788595795418891000e+15,-3.035037592053413391e-02,8.247756399214267731e-03,5.724130570888519287e-02,-9.868664667010307312e-03,-2.442308235913515091e-03,2.069827169179916382e-03
1.788595810306067200e+18,1.788595795434891000e+15,-3.022722341120243073e-02,8.288069628179073334e-03,5.708427727222442627e-02,-9.627980180084705353e-03,-2.337048295885324478e-03,1.977003412321209908e-03
1.788595810364690432e+18,1.788595795458891000e+15,-3.002972528338432312e-02,8.363931439816951752e-03,5.685718357563018799e-02,-9.357810951769351959e-03,-2.289977855980396271e-03,1.857872121036052704e-03
1.788595810384232192e+18,1.788595795474891000e+15,-2.989885210990905762e-02,8.414390496909618378e-03,5.671395361423492432e-02,-9.140527807176113129e-03,-2.093702321872115135e-03,1.689161639660596848e-03
1.788595810458980864e+18,1.788595795498891000e+15,-2.970488741993904114e-02,8.492530323565006256e-03,5.650416016578674316e-02,-8.847128599882125854e-03,-1.978680025786161423e-03,1.470861025154590607e-03
1.788595810461290240e+18,1.788595795514891000e+15,-2.957040816545486450e-02,8.547093719244003296e-03,5.633215606212615967e-02,-8.540696464478969574e-03,-1.857672119513154030e-03,1.478175865486264229e-03
1.788595810524399360e+18,1.788595795538891000e+15,-2.935509011149406433e-02,8.648545481264591217e-03,5.608384311199188232e-02,-8.226634003221988678e-03,-1.759585808031260967e-03,1.389885903336107731e-03
1.788595810591958272e+18,1.788595795554891000e+15,-2.921214699745178223e-02,8.721978403627872467e-03,5.593387782573699951e-02,-7.970801554620265961e-03,-1.714663347229361534e-03,1.313529093749821186e-03
1.788595810609627904e+18,1.788595795578891000e+15,-2.898977138102054596e-02,8.826158009469509125e-03,5.573485791683197021e-02,-7.687882520258426666e-03,-1.634121872484683990e-03,1.368434401229023933e-03
1.788595810669309184e+18,1.788595795594891000e+15,-2.884466387331485748e-02,8.891850709915161133e-03,5.561229586601257324e-02,-7.466988172382116318e-03,-1.679747598245739937e-03,1.351634622551500797e-03
1.788595810689130240e+18,1.788595795618891000e+15,-2.857433818280696869e-02,9.023384191095829010e-03,5.542387068271636963e-02,-7.273133844137191772e-03,-1.497733523137867451e-03,1.212877104990184307e-03
1.788595810740243456e+18,1.788595795634891000e+15,-2.839366532862186432e-02,9.137370623648166656e-03,5.529734492301940918e-02,-7.096675224602222443e-03,-1.385401352308690548e-03,1.011341460980474949e-03
1.788595810797060096e+18,1.788595795658891000e+15,-2.812112309038639069e-02,9.344526566565036774e-03,5.511805415153503418e-02,-6.767945364117622375e-03,-1.262789941392838955e-03,1.009449944831430912e-03
1.788595810816732672e+18,1.788595795674891000e+15,-2.792771346867084503e-02,9.532374329864978790e-03,5.500905215740203857e-02,-6.590062286704778671e-03,-9.961507748812437057e-04,9.658004855737090111e-04
1.788595810887202816e+18,1.788595795698891000e+15,-2.764579840004444122e-02,9.835194796323776245e-03,5.485387146472930908e-02,-6.340953521430492401e-03,-6.812469218857586384e-04,9.991634869948029518e-04
1.788595810895903744e+18,1.788595795714891000e+15,-2.745548263192176819e-02,1.006810553371906281e-02,5.477464199066162109e-02,-6.177162751555442810e-03,-4.294220707379281521e-04,9.710927843116223812e-04
1.788595810960820992e+18,1.788595795738891000e+15,-2.717512659728527069e-02,1.046403218060731888e-02,5.464534461498260498e-02,-5.964999552816152573e-03,-1.457614998798817396e-04,9.853800293058156967e-04
